ncbi_gene_id,partition_number,claim_name
1565,4,CYP2D6
9641,1,IKBKE
7465,1,WEE1
53944,1,CSNK1G1
815,1,CAMK2A
10298,1,PAK4
491,4,ATP2B2
489,4,ATP2A3
10877,4,CFHR4
579,4,NKX3-2
55584,4,CHRNA9
57053,4,CHRNA10
2035,4,EPB41
469,4,ATF4P1
2251,4,FGF6
582,4,BBS1
5567,1,PRKACB
5613,1,PRKX
2624,4,GATA2
1504,1,CTRB1
2970,4,GTF2IP1
270,4,AMPD1
3766,4,KCNJ10
58190,4,CTDSP1
484,4,ATP1B3P1
8161,4,COIL
921,4,CD5
1435,4,CSF1
9852,4,EPM2AIP1
6718,4,AKR1D1
2633,4,GBP1
6716,4,SRD5A2
9910,4,RABGAP1L
64116,4,SLC39A8
80731,4,THSD7B
219541,4,MED19
27327,4,TNRC6A
5926,4,ARID4A
2524,4,FUT2
56899,4,ANKS1B
253559,4,CADM2
51075,4,TMX2
58477,4,SRPRB
5236,4,PGM1
7732,4,RNF112
9498,4,SLC4A8
4498,4,MT1JP
5464,4,PPA1
127,4,ADH4
222236,4,NAPEPLD
51150,4,SDF4
6416,4,MAP2K4
55503,4,TRPV6
3554,4,IL1R1
23451,4,SF3B1
10914,4,PAPOLA
6908,4,TBP
8398,4,PLA2G6
10097,4,ACTR2
283871,4,PGP
6585,4,SLIT1
10673,4,TNFSF13B
642,4,BLMH
3768,4,KCNJ12
3776,4,KCNK2
811,4,CALR
56302,4,TRPV5
50508,4,NOX3
1733,4,DIO1
7173,4,TPO
443,4,ASPA
3748,4,KCNC3
26251,4,KCNG2
170850,4,KCNG3
3745,4,KCNB1
3750,4,KCND1
23415,4,KCNH4
3787,4,KCNS1
9312,4,KCNB2
131096,4,KCNH8
3790,4,KCNS3
169522,4,KCNV2
3743,4,KCNA7
3742,4,KCNA6
3746,4,KCNC1
3788,4,KCNS2
3744,4,KCNA10
81033,4,KCNH6
93107,4,KCNG4
3747,4,KCNC2
90134,4,KCNH7
3754,4,KCNF1
27133,4,KCNH5
27012,4,KCNV1
3755,4,KCNG1
3756,4,KCNH1
3751,4,KCND2
9132,4,KCNQ4
3749,4,KCNC4
3739,4,KCNA4
23416,4,KCNH3
3752,4,KCND3
5226,4,PGD
11156,4,PTP4A3
128553,4,TSHZ2
4855,4,NOTCH4
8837,1,CFLAR
28951,4,TRIB2
170680,4,PSORS1C2
64388,4,GREM2
5311,4,PKD2
23040,4,MYT1L
79718,4,TBL1XR1
22854,4,NTNG1
2646,4,GCKR
3186,4,RBMXP1
5034,4,P4HB
285852,4,TREML4
79750,4,ZNF385D
125170,4,MIEF2
55904,4,KMT2E
27130,4,INVS
54881,4,TEX10
57101,4,ANO2
9652,4,SKIC3
2220,4,FCN2
64409,4,GALNT17
56934,4,CA10
269,4,AMHR2
8115,4,TCL1A
380,4,ARF4P1
116931,4,MED12L
158358,4,BRD10
5558,4,PRIM2
54107,4,POLE3
5557,4,PRIM1
57804,4,POLD4
5425,4,POLD2
23649,4,POLA2
124,4,ADH1A
51251,4,NT5C3A
5427,4,POLE2
690,4,BTF3P11
11005,4,SPINK5
166012,4,CHST13
442,4,ASNSP2
358,4,AQP1
57143,4,ADCK1
1399,1,CRKL
23235,1,SIK2
2012,1,EMP1
11183,1,MAP4K5
6862,4,TBXT
321,4,APBA2
1161,4,ERCC8
8726,4,EED
23636,1,NUP62
375,1,ARF1
29128,1,UHRF1
1856,1,DVL2
54206,1,ERRFI1
4058,1,LTK
5586,1,PKN2
867,1,CBL
9518,4,GDF15
5266,4,PI3
5076,4,PAX2
10535,4,RNASEH2A
1645,4,AKR1C1
5564,4,PRKAB1
29104,4,N6AMT1
51716,4,CES1P1
102464828,4,MIR6076
57194,4,ATP10A
64318,4,NOC3L
54518,4,APBB1IP
593,4,BCKDHA
146802,4,SLC47A2
5538,4,PPT1
361,4,AQP4
8517,4,IKBKG
416,4,ARSF
395,4,ARHGAP6
3780,4,KCNN1
3782,4,KCNN3
394,4,ARHGAP5
1260,4,CNGA2
1259,4,CNGA1
381,4,ARF5
3781,4,KCNN2
197131,4,UBR1
7003,4,TEAD1
10993,4,SDS
83716,4,CRISPLD2
1831,4,TSC22D3
8692,4,HYAL2
6281,4,S100A10
5858,4,PZP
1015,4,CDH17
2168,4,FABP1
10018,4,BCL2L11
70,4,ACTC1
4494,4,MT1F
1800,1,DPEP1
1119,4,CHKA
1299,4,COL9A3
2208,4,FCER2
22806,4,IKZF3
23514,4,SPIDR
285220,4,EPHA6
126353,4,MISP
5528,4,PPP2R5D
8812,4,CCNK
5880,4,RAC2
63970,4,TP53AIP1
3161,4,HMMR
64065,4,PERP
4613,4,MYCN
2308,4,FOXO1
874,4,CBR3
26354,4,GNL3
60,4,ACTB
3667,4,IRS1
126,4,ADH1C
9978,4,RBX1
387082,4,SUMO4
221785,4,ZSCAN25
11132,4,CAPN10
2875,4,GPT
6696,4,SPP1
2609,5,GAPDHP67
3875,4,KRT18
3957,4,LGALS2
2176,4,FANCC
2671,4,GFER
190,4,NR0B1
3984,1,LIMK1
891,1,CCNB1
8476,1,CDC42BPA
2534,1,FYN
55034,4,MOCOS
4878,4,NPPA
9892,4,SNAP91
7010,1,TEK
407,4,ARR3
406,4,BMAL1
405,4,ARNT
308,4,ANXA5
4760,4,NEUROD1
1828,4,DSG1
3880,4,KRT19
27148,1,STK36
2580,1,GAK
1454,1,CSNK1E
8767,1,RIPK2
5566,1,PRKACA
5600,1,MAPK11
6300,1,MAPK12
6512,4,SLC1A7
868,4,CBLB
871,4,SERPINH1
869,4,CBLN1
6279,4,S100A8
3809,4,KIR2DS4
5203,4,PFDN4
348751,4,FTCDNL1
2259,4,FGF14
50943,4,FOXP3
9194,4,SLC16A7
5836,4,PYGL
259232,4,NALCN
23384,4,SPECC1L
114571,4,SLC22A9
57491,4,AHRR
54880,4,BCOR
10320,4,IKZF1
3736,4,KCNA1
6504,4,SLAMF1
2022,4,ENG
6283,4,S100A12
1014,4,CDH16
2771,4,GNAI2
7357,4,UGCG
1302,6,COL11A2
1301,6,COL11A1
1298,4,COL9A2
1300,4,COL10A1
2284,1,FKBP1AP3
2268,1,FGR
2060,1,EPS15
2019,4,EN1
2046,1,EPHA8
1948,1,EFNB2
1942,1,EFNA1
2053,1,EPHX2
1797,1,DXO
7525,1,YES1
5336,1,PLCG2
3764,4,KCNJ8
55089,4,SLC38A4
455,4,ASS1P10
9033,4,PKD2L1
89,4,ACTN3
109,4,ADCY3
8858,4,PROZ
154807,4,VKORC1L1
316,4,AOX1
2677,4,GGCX
467,4,ATF3
463,4,ZFHX3
468,4,ATF4
1135,4,CHRNA2
10855,4,HPSE
287,4,ANK2
288,4,ANK3
6518,4,SLC2A5
9123,4,SLC16A3
6439,4,SFTPB
4496,4,MT1H
1386,4,ATF2
3737,4,KCNA2
85569,4,GALP
6799,4,SULT1A2
10268,4,RAMP3
54,4,ACP5
10724,4,OGA
3240,4,HP
5562,1,PRKAA1
116,4,ADCYAP1
267012,4,DAOA
319100,4,TAAR6
5603,1,MAPK13
507,4,ATP5F1BP1
438,4,ASMT
23516,4,SLC39A14
10090,4,UST
2222,4,FDFT1
5829,4,PXN
665,4,BNIP3L
4830,4,NME1
5447,4,POR
55556,4,ENOSF1
55867,4,SLC22A11
4831,4,NME2
1462,4,VCAN
5534,4,PPP3R1
7369,4,UMOD
5479,4,PPIB
3609,4,ILF3
819,4,CAMLG
3001,4,GZMA
471,4,ATIC
5478,4,PPIA
4773,4,NFATC2
2751,4,GLUD1P5
5535,4,PPP3R2
5530,4,PPP3CA
3385,4,ICAM3
3381,4,IBSP
222,4,ALDH3B2
64127,4,NOD2
9131,4,AIFM1
6351,4,CCL4
4967,4,OGDH
5428,4,POLG
8314,4,BAP1
327,4,APEH
36,4,ACADSB
2658,4,GDF2
23430,4,TPSD1
9308,4,CD83
1890,4,TYMP
164684,4,WBP2NL
622,4,BDH1
5725,4,PTBP1
200316,4,APOBEC3F
7220,4,TRPC1
4968,4,OGG1
6469,4,SHH
3708,4,ITPR1
2242,1,FES
4145,1,MATK
11040,1,PIM2
5261,1,PHKG2
2241,1,FER
57551,1,TAOK1
4140,1,MARK3
10110,1,SGK2
6787,1,NEK4
9833,1,MELK
55872,1,PBK
1613,1,DAPK3
28996,1,HIPK2
4751,1,NEK2
5170,1,PDPK1
84446,1,BRSK1
2066,1,ERBB4
1457,1,CSNK2A1
2872,1,MKNK2
9263,1,STK17A
1453,1,CSNK1D
9748,1,SLK
1455,1,CSNK1G2
1196,1,CLK2
2444,1,FRK
6788,1,STK3
50488,1,MINK1
10733,1,PLK4
6197,1,RPS6KA3
2931,1,GSK3A
1456,1,CSNK1G3
57396,1,CLK4
5582,1,PRKCG
25865,1,PRKD2
147746,1,HIPK4
817,1,CAMK2D
57016,4,AKR1B10
5580,1,PRKCD
5445,4,PON2
54516,4,MTRF1L
57097,4,PARP11
29119,4,CTNNA3
26575,4,RGS17
10752,4,CHL1
9771,4,RAPGEF5
79611,4,ACSS3
26960,4,NBEA
115,4,ADCY9
2272,4,FHIT
1523,4,CUX1
1338,4,COX6A1P1
6783,4,SULT1E1
9420,4,CYP7B1
3312,4,HSPA8
4502,4,MT2A
2011,1,MARK2
59341,4,TRPV4
7366,4,UGT2B15
6822,4,SULT2A1
1026,4,CDKN1A
23245,4,ASTN2
285195,4,SLC9A9
58986,4,PGAP6
4615,4,MYD88
409,4,ARRB2
2532,4,ACKR1
660,1,BMX
663,4,BNIP2
100379251,4,NPPA-AS1
118,4,ADD1
1841,4,DTYMK
459,4,ASS1P14
55244,4,SLC47A1
2729,4,GCLC
22800,4,RRAS2
23090,4,ZNF423
83938,4,LRMDA
79898,4,ZNF613
2326,4,FMO1
5338,4,PLD2
7033,4,TFF3
3316,4,HSPB2
5304,4,PIP
890,4,CCNA2
221,4,ALDH3B1
8648,4,NCOA1
144455,4,E2F7
8202,4,NCOA3
27068,4,PPA2
345222,4,MSANTD1
116987,4,AGAP1
64067,4,NPAS3
23671,4,TMEFF2
7082,4,TJP1
2917,4,GRM7
10213,4,PSMD14
23043,1,TNIK
161357,4,MDGA2
8170,4,SLC14A2
320,4,APBA1
816,1,CAMK2B
427,4,ASAH1
7020,4,TFAP2A
23316,4,CUX2
26584,4,DUX1
7975,4,MAFK
1594,4,CYP27B1
84871,4,AGBL4
8438,4,RAD54L
1585,4,CYP11B2
51706,4,CYB5R1
6223,4,RPS19
51167,4,CYB5R4
51700,4,CYB5R2
1329,4,COX5B
200959,4,GABRR3
2557,4,GABRA4
2569,4,GABRR1
55879,4,GABRQ
2570,4,GABRR2
2564,4,GABRE
2565,4,GABRG1
6866,4,TAC3
3988,4,LIPA
3484,4,IGFBP1
51429,4,SNX9
6521,4,SLC4A1
121130,4,OR10P1
131578,4,LRRC15
83447,4,SLC25A31
79698,4,ZMAT4
3765,4,KCNJ9
3763,4,KCNJ6
3762,4,KCNJ5
343,4,AQP8
4025,4,LPO
10728,4,PTGES3
2103,4,ESRRB
2104,4,ESRRG
624,4,BDKRB2
7476,4,WNT7A
6362,4,CCL18
389,4,RHOC
388,4,RHOB
391,4,RHOG
535,4,ATP6V0A1
529,4,ATP6V1E1
390,4,RND3
4133,4,MAP2
4908,4,NTF3
2741,4,GLRA1
6319,4,SCD
259292,4,TAS2R46
6717,4,SRI
113457,4,TUBA3D
10382,4,TUBB4A
7280,4,TUBB2A
112714,4,TUBA3E
7278,4,TUBA3C
7277,4,TUBA4A
7846,4,TUBA1A
84790,4,TUBA1C
10381,4,TUBB3
347733,4,TUBB2B
347688,4,TUBB8
10383,4,TUBB4B
84617,4,TUBB6
10376,4,TUBA1B
55625,4,ZDHHC7
27341,4,RRP7A
94134,4,ARHGAP12
93183,4,PIGM
7693,4,ZNF134
4978,4,OPCML
2110,4,ETFDH
9855,4,FARP2
9513,4,FXR2
100422999,4,MIR4278
10520,4,ZNF211
147929,4,ZNF565
79585,4,CORO7
64072,4,CDH23
26168,4,SENP3
8836,4,GGH
64283,4,ARHGEF28
23587,4,ELP5
84795,4,PYROXD2
5813,4,PURA
152189,4,CMTM8
157310,4,PEBP4
57761,4,TRIB3
64714,4,PDIA2
91612,4,CHURC1
10840,4,ALDH1L1
57488,4,ESYT2
84727,4,SPSB2
55342,4,STRBP
348980,4,HCN1
442247,4,RFPL4B
3382,4,ICA1
6818,4,SULT1A3
266747,4,RGL4
5327,4,PLAT
6288,4,SAA1
5802,4,PTPRS
1277,4,COL1A1
219790,4,RTKN2
9456,4,HOMER1
22874,4,PLEKHA6
4825,4,NKX6-1
11214,4,AKAP13
1861,4,TOR1A
84107,4,ZIC4
440275,1,EIF2AK4
666,4,BOK
9152,4,SLC6A5
255239,4,ANKK1
340273,4,ABCB5
84159,4,ARID5B
818,1,CAMK2G
1804,1,DPP6
9992,4,KCNE2
6713,4,SQLE
6609,4,SMPD1
3122,4,HLA-DRA
26191,4,PTPN22
5145,4,PDE6A
5137,4,PDE1C
5148,4,PDE6G
5146,4,PDE6C
5147,4,PDE6D
5149,4,PDE6H
5151,4,PDE8A
5158,4,PDE6B
5136,4,PDE1A
8660,4,IRS2
5150,4,PDE7A
54084,4,TSPEAR
386672,4,KRTAP10-4
6892,4,TAPBP
339123,4,JMJD8
8704,4,B4GALT2
8622,4,PDE8B
23177,4,CEP68
57834,4,CYP4F11
3116,4,HLA-DPB2
27159,4,CHIA
1892,4,ECHS1
6539,4,SLC6A12
90632,4,LINC00473
161835,4,FSIP1
116988,4,AGAP3
9278,4,ZBTB22
1306,4,COL15A1
1308,4,COL17A1
64168,4,NECAB1
9172,4,MYOM2
7358,4,UGDH
10873,4,ME3
256130,4,TMEM196
686,4,BTD
51304,4,ZDHHC3
10463,4,SLC30A9
5152,4,PDE9A
27115,4,PDE7B
84219,4,WDR24
1591,4,CYP24A1
1013,4,CDH15
7251,4,TSG101
2638,4,GC
7248,4,TSC1
1117,4,CHI3L2
2138,4,EYA1
1307,4,COL16A1
5739,4,PTGIR
10411,4,RAPGEF3
23167,4,EFR3A
3674,4,ITGA2B
3074,4,HEXB
3315,4,HSPB1
5539,4,PPY
60482,4,SLC5A7
375298,1,CERKL
80224,1,NUBPL
386607,1,ZFP91-CNTF
56853,1,CELF4
10718,4,NRG3
130399,4,ACVR1C
23683,1,PRKD3
2660,4,MSTN
5740,4,PTGIS
2357,4,FPR1
667,4,DST
865,4,CBFB
861,4,RUNX1
55117,4,SLC6A15
6361,4,CCL17
2587,4,GALR1
4982,4,TNFRSF11B
8287,4,USP9Y
4880,4,NPPC
1081,4,CGA
445347,4,TARP
3931,4,LCAT
366,4,AQP9
1103,4,CHAT
4650,4,MYO9B
268,4,AMH
55283,4,MCOLN3
6019,4,RLN2
1638,4,DCT
5091,4,PC
9266,4,CYTH2
607,4,BCL9
1072,4,CFL1
79054,4,TRPM8
606,4,NBEAP1
496,4,ATP4B
11069,4,RAPGEF4
2516,4,NR5A1
1759,4,DNM1
7098,4,TLR3
1757,4,SARDH
9607,4,CARTPT
3093,4,UBE2K
364,4,AQP7
6750,4,SST
120,4,ADD3
384,4,ARG2
839,4,CASP6
21,4,ABCA3
20,4,ABCA2
2749,4,GLUD1P3
620,4,BCYRN1P2
8424,4,BBOX1
162466,4,PHOSPHO1
5373,4,PMM2
408,4,ARRB1
239,4,ALOX12
2717,4,GLA
247,4,ALOX15B
4351,4,MPI
2648,4,KAT2A
84152,4,PPP1R1B
708,4,C1QBP
9,4,NAT1
79648,4,MCPH1
652991,4,SKOR2
55534,4,MAML3
1325,4,CORT
2767,4,GNA11
927,4,CD8B2
59285,4,CACNG6
8911,4,CACNA1I
8140,4,SLC7A5
9254,4,CACNA2D2
784,4,CACNB3
59283,4,CACNG8
27092,4,CACNG4
56479,4,KCNQ5
93589,4,CACNA2D4
27091,4,CACNG5
782,4,CACNB1
59284,4,CACNG7
1337,4,COX6A1
2584,4,GALK1
23192,4,ATG4B
4154,4,MBNL1
2078,4,ERG
60489,4,APOBEC3G
4221,4,MEN1
29127,4,RACGAP1
6513,4,SLC2A1
285834,4,HCG22
54093,4,SETD4
8574,4,AKR7A2
51310,4,SLC22A17
2947,4,GSTM3
2939,4,GSTA2
64849,4,SLC13A3
7508,4,XPC
133482,4,SLCO6A1
4522,4,MTHFD1
7532,4,YWHAG
6872,4,TAF1
2637,4,GBX2
6670,4,SP3
54474,4,KRT20
2878,4,GPX3
6390,4,SDHB
2177,4,FANCD2
79623,4,GALNT14
2212,4,FCGR2A
6935,4,ZEB1
2068,4,ERCC2
10057,4,ABCC5
10864,4,SLC22A7
3014,4,H2AX
8493,4,PPM1D
10060,4,ABCC9
89845,4,ABCC10
831,4,CAST
7486,4,WRN
356,4,FASLG
4602,4,MYB
2067,4,ERCC1
1545,4,CYP1B1
53353,4,LRP1B
4297,4,KMT2A
1906,4,EDN1
4088,4,SMAD3
80201,4,HKDC1
5346,4,PLIN1
7334,4,UBE2N
2629,4,GBA1
8321,4,FZD1
7253,4,TSHR
7363,4,UGT2B4
7367,4,UGT2B17
23600,4,AMACR
684,4,BST2
4153,4,MBL2
93659,4,CGB5
1356,4,CP
313,4,AOAH
311,4,ANXA11
312,4,ANXA13
3727,4,JUND
3760,4,KCNJ3
5020,4,OXT
50852,4,TRAT1
23216,4,TBC1D1
3699,4,ITIH3
4835,4,NQO2
28755,4,TRAC
100302251,4,MIR1264
100302144,4,MIR1912
3115,4,HLA-DPB1
2675,4,GFRA2
3127,4,HLA-DRB5
718,4,C3
4781,4,NFIB
23,4,ABCF1
59340,4,HRH4
9135,4,RABEP1
3125,4,HLA-DRB3
11201,4,POLI
2668,4,GDNF
1993,4,ELAVL2
150368,4,PHETA2
659,4,BMPR2
2074,4,ERCC6
55964,4,SEPTIN3
91689,4,SMDT1
6647,4,SOD1
5778,4,PTPN7
3949,4,LDLR
3326,4,HSP90AB1
5631,4,PRPS1
5471,4,PPAT
80339,4,PNPLA3
3177,4,SLC29A2
1549,4,CYP2A7
54805,4,CNNM2
3508,4,IGHMBP2
1374,4,CPT1A
9153,4,SLC28A2
79068,4,FTO
55270,4,NUDT15
27232,4,GNMT
55775,4,TDP1
3251,4,HPRT1
885,4,CCK
7957,4,EPM2A
4922,4,NTS
7200,4,TRH
2150,4,F2RL1
7365,4,UGT2B10
1573,4,CYP2J2
5893,4,RAD52
922,4,CD5L
5376,4,PMP22
9370,4,ADIPOQ
10622,4,POLR3G
54535,4,CCHCR1
10758,4,TRAF3IP2
6941,4,TCF19
10866,4,HCP5
1944,4,EFNA3
1945,4,EFNA4
3024,4,H1-1
7398,4,USP1
11188,4,NISCH
610,4,HCN2
5970,4,RELA
9367,4,RAB9A
5360,4,PLTP
64241,4,ABCG8
22937,4,SCAP
147947,4,ZNF542P
7056,4,THBD
79789,4,CLMN
23463,4,ICMT
3976,4,LIF
639,4,PRDM1
3990,4,LIPC
10002,4,NR2E3
19,4,ABCA1
55662,4,HIF1AN
26013,4,L3MBTL1
5429,4,POLH
2237,4,FEN1
51426,4,POLK
5965,4,RECQL
537,4,ATP6AP1
7494,4,XBP1
545,4,ATR
6295,4,SAG
1213,4,CLTC
339,4,APOBEC1
7054,4,TH
6778,4,STAT6
1376,4,CPT2
2215,4,FCGR3B
2026,4,ENO2
595,4,CCND1
133,4,ADM
547,4,KIF1A
668,4,FOXL2
64326,4,COP1
517,4,ATP5MC2
83608,4,C18orf21
100379661,4,GRIK1-AS2
544,4,ALDH7A1P4
1120,4,CHKB
525,4,ATP6V1B1
387,4,RHOA
57582,4,KCNT1
1551,4,CYP3A7
1326,4,MAP3K8
2548,4,GAA
483,4,ATP1B3
833,4,CARS1
482,4,ATP1B2
477,4,ATP1A2
353189,4,SLCO4C1
1471,4,CST3
478,4,ATP1A3
480,4,ATP1A4
481,4,ATP1B1
7432,4,VIP
7849,4,PAX8
486,4,FXYD2
51053,4,GMNN
6863,4,TAC1
79915,4,ATAD5
360,4,AQP3
89932,4,PAPLN
2731,4,GLDC
55312,4,RFK
84062,4,DTNBP1
653,4,BMP5
6728,4,SRP19
151194,4,METTL21A
10556,4,RPP30
1385,4,CREB1
5054,4,SERPINE1
127254,4,ERICH3
1562,4,CYP2C18
7905,4,REEP5
136227,4,COL26A1
2932,1,GSK3B
1395,4,CRHR2
6262,4,RYR2
30,4,ACAA1
29,4,ABR
3952,4,LEP
29994,4,BAZ2B
263,4,AMD1P2
3274,4,HRH2
22809,4,ATF5
655,4,BMP7
55816,4,DOK5
552859,4,LINC00251
100422959,4,MIR4268
1535,4,CYBA
4689,4,NCF4
4158,4,MC2R
4772,4,NFATC1
100422871,4,MIR3117
494514,4,TYMSOS
301,4,ANXA1
7038,4,TG
2625,4,GATA3
113026,4,PLCD3
786,4,CACNG1
542,4,ALDH7A1P2
781,4,CACNA2D1
2778,4,GNAS
272,4,AMPD3
928,4,CD9
16,4,AARS1
14,4,AAMP
15,4,AANAT
22,4,ABCB7
13,4,AADAC
11,4,NATP
926,4,CD8B
265,4,AMELX
3248,4,HPGD
9099,4,USP2
3,4,A2MP1
661,4,POLR3D
3921,4,RPSA
64979,4,MRPL36
80862,4,POLR1HASP
3305,4,HSPA1L
236,4,AKR1B1P2
4295,4,MLN
7917,4,BAG6
10928,4,RALBP1
100130889,4,PSORS1C3
7916,4,PRRC2A
170679,4,PSORS1C1
7133,4,TNFRSF1B
5460,4,POU5F1
6329,4,SCN4A
6326,4,SCN2A
6323,4,SCN1A
360158,4,CYCSP5
6332,4,SCN7A
6855,4,SYP
5187,4,PER1
5173,4,PDYN
3163,4,HMOX2
421,4,ARVCF
445329,4,SULT1A4
9170,4,LPAR2
54579,4,UGT1A5
1432,4,MAPK14
319,4,APOF
317,4,APAF1
318,4,NUDT2
2048,1,EPHB2
2047,1,EPHB1
2049,1,EPHB3
563,4,AZGP1
801,4,CALM1
3784,4,KCNQ1
93100,14,NAPRT
7352,14,UCP3
6538,14,SLC6A11
10020,14,GNE
54894,14,RNF43
6528,14,SLC5A5
3827,14,KNG1
4521,14,NUDT1
683,14,BST1
2295,14,FOXF2
80271,14,ITPKC
201973,14,PRIMPOL
79934,14,COQ8B
221935,14,SDK1
1473,14,CST5
53942,14,CNTN5
116984,14,ARAP2
245812,14,CNPY4
163351,14,GBP6
79817,14,MOB3B
54620,14,FBXL19
6890,14,TAP1
64754,14,SMYD3
6509,14,SLC1A4
5023,14,P2RX1
6929,14,TCF3
7223,14,TRPC4
3467,14,IFNW1
3336,14,HSPE1
30061,14,SLC40A1
23495,14,TNFRSF13B
84561,14,SLC12A8
9935,14,MAFB
8302,14,KLRC4
57115,14,PGLYRP4
1607,14,DGKB
200205,14,IBA57
5997,14,RGS2
8048,14,CSRP3
1116,14,CHI3L1
7419,14,VDAC3
9378,14,NRXN1
5031,14,P2RY6
1001,14,CDH3
7224,14,TRPC5
820,14,CAMP
51377,14,UCHL5
9097,14,USP14
54795,14,TRPM4
26291,14,FGF21
2165,14,F13B
5016,14,OVGP1
7454,14,WAS
4159,14,MC3R
57379,14,AICDA
115560,14,ZNF501
85397,14,RGS8
3611,14,ILK
79581,14,SLC52A2
55515,14,ASIC4
9311,14,ASIC3
4240,14,MFGE8
149111,14,CNIH3
374900,14,ZNF568
85461,14,TANC1
11197,14,WIF1
8840,14,CCN4
7507,14,XPA
10848,14,PPP1R13L
3603,14,IL16
51214,14,IGF2-AS
147495,14,APCDD1
55057,14,CRYBG2
8313,14,AXIN2
54625,14,PARP14
57122,14,NUP107
10287,14,RGS19
56884,14,FSTL5
91752,14,ZNF804A
10327,14,AKR1A1
924,14,CD7
25800,14,SLC39A6
4683,14,NBN
2572,14,GAD2
1769,14,DNAH8
4281,14,MID1
210,14,ALAD
9622,14,KLK4
4103,14,MAGEA4
4123,14,MAN2C1
181,14,AGRP
3423,14,IDS
27122,14,DKK3
3728,14,JUP
10333,14,TLR6
23049,14,SMG1
11010,14,GLIPR1
3853,14,KRT6A
84876,14,ORAI1
84059,14,ADGRV1
56852,14,RAD18
7718,14,ZNF165
94026,14,POM121L2
57192,14,MCOLN1
198437,14,LKAAEAR1
23155,14,CLCC1
9180,14,OSMR
200558,14,APLF
10849,14,POLR1G
80319,14,CXXC4
23332,14,CLASP1
7512,14,XPNPEP2
146713,14,RBFOX3
154141,14,MBOAT1
723961,14,INS-IGF2
60412,14,EXOC4
847,14,CAT
6352,14,CCL5
5645,14,PRSS2
1509,14,CTSD
2071,14,ERCC3
435,14,ASL
7128,14,TNFAIP3
3678,14,ITGA5
1830,14,DSG3
4926,14,NUMA1
30009,14,TBX21
11011,14,TLK2
4691,14,NCL
3557,14,IL1RN
10769,14,PLK2
10457,14,GPNMB
5444,14,PON1
4214,14,MAP3K1
1445,14,CSK
7434,14,VIPR2
2674,14,GFRA1
23586,14,RIGI
6339,14,SCNN1D
5009,14,OTC
4100,14,MAGEA1
6446,14,SGK1
497258,14,BDNF-AS
5657,14,PRTN3
2696,14,GIPR
1270,14,CNTF
11252,14,PACSIN2
3416,14,IDE
22861,14,NLRP1
2990,14,GUSB
7874,14,USP7
388524,14,RPSA2
7316,14,UBC
28639,14,TRBC1
925,14,CD8A
6997,14,CRIPTO
7031,14,TFF1
11054,14,OGFR
2488,14,FSHB
5753,14,PTK6
5209,14,PFKFB3
10887,14,PROKR1
6004,14,RGS16
3897,14,L1CAM
7048,14,TGFBR2
7412,14,VCAM1
3482,14,IGF2R
51320,14,MEX3C
55016,14,MARCHF1
27303,14,RBMS3
4319,14,MMP10
9365,14,KL
100048912,14,CDKN2B-AS1
3490,14,IGFBP7
1760,14,DMPK
10990,14,LILRB5
163227,14,ZNF100
54715,14,RBFOX1
7361,14,UGT1A
25817,14,TAFA5
4548,14,MTR
79783,14,SUGCT
116379,14,IL22RA2
1185,14,CLCN6
6272,14,SORT1
6507,14,SLC1A3
6275,14,S100A4
5313,14,PKLR
115650,14,TNFRSF13C
3291,14,HSD11B2
25825,14,BACE2
10507,14,SEMA4D
8797,14,TNFRSF10A
283120,14,H19
6232,14,RPS27
6196,14,RPS6KA2
6285,14,S100B
10858,14,CYP46A1
284654,14,RSPO1
2232,14,FDXR
160364,14,CLEC12A
5476,14,CTSA
5025,14,P2RX4
2925,14,GRPR
11009,14,IL24
1491,14,CTH
9507,14,ADAMTS4
4161,14,MC5R
1595,14,CYP51A1
5697,14,PYY
51162,14,EGFL7
4111,14,MAGEA12
6425,14,SFRP5
6374,14,CXCL5
6720,14,SREBF1
1952,14,CELSR2
2949,14,GSTM5
1635,14,DCTD
221322,14,TBC1D32
80034,14,CSRNP3
3704,14,ITPA
55779,14,CFAP44
114548,14,NLRP3
2161,14,F12
3578,14,IL9
6564,14,SLC15A1
3604,14,TNFRSF9
4919,14,ROR1
57817,14,HAMP
3595,14,IL12RB2
85413,14,SLC22A16
2120,14,ETV6
1789,14,DNMT3B
1043,14,CD52
282618,14,IFNL1
343450,14,KCNT2
1000,14,CDH2
51347,14,TAOK3
10413,14,YAP1
487,14,ATP2A1
1550,14,CYP2A7P1
51741,14,WWOX
4625,14,MYH7
5297,14,PI4KA
7249,14,TSC2
1647,14,GADD45A
671,14,BPI
5550,14,PREP
2867,14,FFAR2
10461,14,MERTK
60490,14,PPCDC
6402,14,SELL
6775,14,STAT4
7049,14,TGFBR3
1271,14,CNTFR
152831,14,KLB
3442,14,IFNA5
23643,14,LY96
8854,14,ALDH1A2
728734,14,NPIPB8
823,14,CAPN1
599,14,BCL2L2
4012,14,LNPEP
2899,14,GRIK3
22943,14,DKK1
50616,14,IL22
112744,14,IL17F
5162,14,PDHB
79651,14,RHBDF2
81029,14,WNT5B
5565,14,PRKAB2
3953,14,LEPR
6646,14,SOAT1
3911,14,LAMA5
3738,14,KCNA3
2592,14,GALT
4544,14,MTNR1B
650,14,BMP2
3802,14,KIR2DL1
546,14,ATRX
1496,14,CTNNA2
1240,14,CMKLR1
540,14,ATP7B
250,14,ALPP
8722,14,CTSF
3804,14,KIR2DL3
7306,14,TYRP1
80381,14,CD276
55644,14,OSGEP
153339,14,TMEM167A
29881,14,NPC1L1
147700,4,KLC3
63976,14,PRDM16
5335,14,PLCG1
6340,14,SCNN1G
203228,14,C9orf72
7431,14,VIM
8743,14,TNFSF10
100507436,14,MICA
3991,14,LIPE
2356,14,FPGS
2920,14,CXCL2
978,14,CDA
156,14,GRK2
2246,14,FGF1
3567,14,IL5
50604,14,IL20
4317,14,MMP8
1380,14,CR2
6529,14,SLC6A1
79444,14,BIRC7
3135,14,HLA-G
80781,4,COL18A1
2852,14,GPER1
5644,14,PRSS1
5591,14,PRKDC
970,14,CD70
3339,14,HSPG2
3785,14,KCNQ2
3818,14,KLKB1
2869,1,GRK5
2162,14,F13A1
5321,14,PLA2G4A
50964,14,SOST
710,14,SERPING1
5406,14,PNLIP
6927,14,HNF1A
6523,14,SLC5A1
200186,14,CRTC2
7099,14,TLR4
6337,14,SCNN1A
2984,14,GUCY2C
285242,14,HTR3E
139760,14,GPR119
3594,14,IL12RB1
538,14,ATP7A
476,14,ATP1A1
8000,14,PSCA
1181,14,CLCN2
6754,14,SSTR4
2252,14,FGF7
3371,14,TNC
5424,14,POLD1
567,14,B2M
3075,14,CFH
55,14,ACP3
4886,14,NPY1R
2730,14,GCLM
7941,14,PLA2G7
6347,14,CCL2
653247,14,PRB2
5777,14,PTPN6
5733,14,PTGER3
3778,14,KCNMA1
8843,14,HCAR3
1910,14,EDNRB
3133,14,HLA-E
2266,14,FGG
2289,14,FKBP5
22914,14,KLRK1
50615,14,IL21R
6261,14,RYR1
22978,14,NT5C2
162417,14,NAGS
3753,14,KCNE1
5337,14,PLD1
3858,14,KRT10
2911,14,GRM1
2885,14,GRB2
1621,14,DBH
183,4,AGT
177,14,AGER
7350,14,UCP1
7423,14,VEGFB
7351,14,UCP2
842,14,CASP9
338442,14,HCAR2
4654,4,MYOD1
51284,14,TLR7
3574,14,IL7
3481,14,IGF2
23765,14,IL17RA
3146,14,HMGB1
1241,14,LTB4R
1284,14,COL4A2
50484,14,RRM2B
942,14,CD86
6865,14,TACR2
6581,14,SLC22A3
1586,14,CYP17A1
1742,14,DLG4
8654,14,PDE5A
54790,14,TET2
4921,14,DDR2
8842,14,PROM1
6573,4,SLC19A1
9356,14,SLC22A6
3579,14,CXCR2
4547,14,MTTP
4282,14,MIF
3560,14,IL2RB
55294,14,FBXW7
30849,14,PIK3R4
79001,14,VKORC1
490,14,ATP2B1
7006,14,TEC
2811,14,GP1BA
1136,14,CHRNA3
3112,14,HLA-DOB
1843,14,DUSP1
1215,14,CMA1
6548,14,SLC9A1
8829,14,NRP1
151306,14,GPBAR1
747,14,DAGLA
57406,14,ABHD6
11343,14,MGLL
4907,4,NT5E
116085,14,SLC22A12
221656,14,KDM1B
5598,14,MAPK7
6046,14,BRD2
676,14,BRDT
2735,14,GLI1
1511,14,CTSG
221302,14,ZUP1
824,14,CAPN2
6442,14,SGCA
3695,14,ITGB7
7083,14,TK1
2960,14,GTF2E1
10682,14,EBP
3355,14,HTR1F
4638,14,MYLK
3361,14,HTR5A
378938,14,MALAT1
8877,14,SPHK1
2626,14,GATA4
4217,14,MAP3K5
5053,14,PAH
1756,14,DMD
4023,14,LPL
3303,14,HSPA1A
10223,14,GPA33
1373,14,CPS1
25824,14,PRDX5
6527,14,SLC5A4
1230,14,CCR1
3309,14,HSPA5
3914,14,LAMB3
866,14,SERPINA6
84515,14,MCM8
4889,14,NPY5R
886,14,CCKAR
3354,14,HTR1E
1991,14,ELANE
1990,14,CELA1
64146,14,PDF
9768,14,PCLAF
5068,14,REG3A
2864,14,FFAR1
3572,14,IL6ST
7155,14,TOP2B
5746,14,PTH2R
11198,14,SUPT16H
5618,14,PRLR
4049,14,LTA
91,14,ACVR1B
6096,14,RORB
5153,14,PDE1B
8647,14,ABCB11
5481,14,PPID
3956,14,LGALS1
9197,14,SLC33A1
5950,14,RBP4
2551,14,GABPA
7162,14,TPBG
51438,14,MAGEC2
9947,14,MAGEC1
7012,14,TERC
6962,14,TRBV20OR9-2
8784,14,TNFRSF18
716,14,C1S
1387,14,CREBBP
1009,14,CDH11
2101,14,ESRRA
3654,1,IRAK1
9568,14,GABBR2
2550,14,GABBR1
3500,14,IGHG1
2206,14,MS4A2
2207,14,FCER1G
3459,14,IFNGR1
50487,14,PLA2G3
1441,14,CSF3R
1056,14,CEL
27306,14,HPGDS
2692,14,GHRHR
4804,14,NGFR
23475,14,QPRT
3597,14,IL13RA1
100529063,14,BCL2L2-PABPN1
5745,14,PTH1R
57448,14,BIRC6
330,14,BIRC3
4671,14,NAIP
79659,14,DYNC2H1
116519,14,APOA5
3359,14,HTR3A
3038,14,HAS3
6582,14,SLC22A2
7515,4,XRCC1
4595,14,MUTYH
9510,14,ADAMTS1
6338,14,SCNN1B
54901,14,CDKAL1
91607,14,SLFN11
1045,14,CDX2
10452,14,TOMM40
5627,14,PROS1
445,14,ASS1
57105,14,CYSLTR2
23327,14,NEDD4L
9722,14,NOS1AP
1727,14,CYB5R3
514,14,ATP5F1E
3119,14,HLA-DQB1
3263,14,HPX
57721,14,METTL14
9750,14,RIPOR2
56339,14,METTL3
51497,14,NELFCD
121278,14,TPH2
6817,14,SULT1A1
7170,14,TPM3
7161,4,TP73
7132,14,TNFRSF1A
11331,14,PHB2
4839,4,NOP2
3606,14,IL18
3589,14,IL11
3586,14,IL10
3308,4,HSPA4
3162,4,HMOX1
92815,14,H2AC25
2678,14,GGT1
10468,14,FST
1571,4,CYP2E1
1490,4,CCN2
1392,14,CRH
1147,14,CHUK
965,14,CD58
909,14,CD1A
875,14,CBS
174,4,AFP
2588,14,GALNS
6732,1,SRPK1
5292,1,PIM1
5563,15,PRKAA2
5300,14,PIN1
10257,4,ABCC4
4486,1,MST1R
10188,1,TNK2
9448,1,MAP4K4
79885,14,HDAC11
9970,14,NR1I3
834,14,CASP1
6870,14,TACR3
241,14,ALOX5AP
3290,14,HSD11B1
200576,14,PIKFYVE
1889,14,ECE1
9177,14,HTR3B
4684,14,NCAM1
23308,14,ICOSLG
2335,14,FN1
597,14,BCL2A1
4860,14,PNP
6833,14,ABCC8
10111,14,RAD50
3172,14,HNF4A
6095,14,RORA
3164,4,NR4A1
5915,14,RARB
2213,14,FCGR2B
2194,14,FASN
1111,1,CHEK1
51564,14,HDAC7
149233,14,IL23R
1360,14,CPB1
4791,14,NFKB2
8742,14,TNFSF12
5894,4,RAF1
10039,14,PARP3
11251,14,PTGDR2
1558,4,CYP2C8
2837,14,UTS2R
2952,4,GSTT1
1278,14,COL1A2
5624,14,PROC
2247,4,FGF2
100,4,ADA
5741,4,PTH
5879,14,RAC1
2784,14,GNB3
581,4,BAX
488,14,ATP2A2
2526,14,FUT4
7915,14,ALDH5A1
5143,14,PDE4C
1977,14,EIF4E
1503,14,CTPS1
783,14,CACNB2
3123,4,HLA-DRB1
6257,14,RXRB
8972,14,MGAM
6616,14,SNAP25
4323,14,MMP14
3786,14,KCNQ3
54106,14,TLR9
3918,14,LAMC2
5925,4,RB1
5426,14,POLE
5395,14,PMS2
4437,14,MSH3
4436,4,MSH2
4292,14,MLH1
27436,1,EML4
10714,14,POLD3
5422,14,POLA1
4771,14,NF2
8289,14,ARID1A
2956,14,MSH6
4869,14,NPM1
5731,14,PTGER1
359,14,AQP2
324,1,APC
6579,14,SLCO1A2
4543,14,MTNR1A
3439,14,IFNA1
7293,14,TNFRSF4
5228,14,PGF
3497,14,IGHE
1515,14,CTSV
1459,14,CSNK2A2
51208,14,CLDN18
2977,14,GUCY1A2
929,14,CD14
1401,14,CRP
1723,14,DHODH
1553,14,CYP2A13
1361,14,CPB2
41,14,ASIC1
28,14,ABO
12,14,SERPINA3
3598,14,IL13RA2
3685,14,ITGAV
4586,14,MUC5AC
1440,14,CSF3
940,14,CD28
623,14,BDKRB1
134864,14,TAAR1
6622,14,SNCA
3575,14,IL7R
10803,14,CCR9
3902,14,LAG3
3614,14,IMPDH1
220972,14,MARCHF8
3552,14,IL1A
1438,14,CSF2RA
5133,14,PDCD1
93974,14,ATP5IF1
6536,14,SLC6A9
4322,14,MMP13
8444,1,DYRK3
9149,14,DYRK1B
8445,14,DYRK2
1859,14,DYRK1A
5547,14,PRCP
10280,14,SIGMAR1
27346,14,TMEM97
9475,1,ROCK2
6093,1,ROCK1
1508,14,CTSB
1514,14,CTSL
1520,14,CTSS
1513,14,CTSK
7296,14,TXNRD1
6098,1,ROS1
11255,14,HRH3
9451,14,EIF2AK3
29947,14,DNMT3L
1788,14,DNMT3A
5138,14,PDE2A
8564,14,KMO
6999,14,TDO2
169355,14,IDO2
2167,14,FABP4
2171,14,FABP5
1776,14,DNASE1L3
55065,14,SLC52A1
7428,1,VHL
29072,14,SETD2
3061,14,HCRTR1
6776,14,STAT5A
29110,14,TBK1
80122,14,MAP3K19
5871,1,MAP4K2
329,14,BIRC2
619373,14,MBOAT4
84649,14,DGAT2
4247,14,MGAT2
8694,14,DGAT1
2912,14,GRM2
3458,4,IFNG
6608,14,SMO
10800,14,CYSLTR1
2688,14,GH1
4318,14,MMP9
6490,14,PMEL
1485,14,CTAG1B
4920,14,ROR2
952,14,CD38
947,14,CD34
3563,14,IL3RA
608,14,TNFRSF17
10232,14,MSLN
943,14,TNFRSF8
930,14,CD19
6382,14,SDC1
5540,14,NPY4R
4887,14,NPY2R
255738,14,PCSK9
7422,4,VEGFA
3630,14,INS
2893,14,GRIA4
5024,14,P2RX3
4352,14,MPL
335,14,APOA1
3566,14,IL4R
162514,14,TRPV3
1022,1,CDK7
3627,14,CXCL10
2056,14,EPO
4018,14,LPA
4072,14,EPCAM
917,14,CD3G
1178,14,CLC
23476,14,BRD4
788,14,SLC25A20
1969,1,EPHA2
472,4,ATM
1018,14,CDK3
6790,1,AURKA
7032,14,TFF2
4102,14,MAGEA3
7275,14,TUB
771,14,CA12
765,14,CA6
7299,14,TYR
11334,14,TUSC2
3145,14,HMBS
5729,14,PTGDR
6868,14,ADAM17
5176,14,SERPINF1
7046,14,TGFBR1
1439,14,CSF2RB
4057,14,LTF
7097,14,TLR2
3590,14,IL11RA
3777,14,KCNK3
135,14,ADORA2A
6915,14,TBXA2R
3456,14,IFNB1
6711,14,SPTBN1
1269,14,CNR2
3741,14,KCNA5
5641,14,LGMN
2147,4,F2
5144,14,PDE4D
113235,14,SLC46A1
699,14,BUB1
11330,14,CTRC
3460,14,IFNGR2
780,14,DDR1
5140,14,PDE3B
22933,14,SIRT2
5789,14,PTPRD
553,14,AVPR1B
5045,14,FURIN
3249,14,HPN
6715,14,SRD5A1
11168,14,PSIP1
3055,1,HCK
2081,14,ERN1
5651,14,TMPRSS15
7535,14,ZAP70
29952,14,DPP7
1903,14,S1PR3
54583,14,EGLN1
51166,14,AADAT
5927,14,KDM5A
3696,14,ITGB8
55806,14,HR
94233,14,OPN4
3067,14,HDC
682,14,BSG
2847,14,MCHR1
5734,14,PTGER4
7850,14,IL1R2
3440,14,IFNA2
5265,14,SERPINA1
2752,14,GLUL
2641,14,GCG
5770,14,PTPN1
8639,14,AOC3
5515,14,PPP2CA
5494,14,PPM1A
7416,14,VDAC1
3099,14,HK2
3718,1,JAK3
7018,14,TF
6010,14,RHO
2146,14,EZH2
7514,14,XPO1
3620,14,IDO1
2160,14,F11
1071,14,CETP
1644,14,DDC
1134,14,CHRNA1
6241,14,RRM2
941,14,CD80
18,14,ABAT
554,14,AVPR2
43,14,ACHE
759,14,CA1
5139,14,PDE3A
3758,14,KCNJ1
2057,14,EPOR
114814,14,GNRHR2
51311,14,TLR8
3351,14,HTR1B
1950,14,EGF
887,14,CCKBR
7504,14,XK
916,14,CD3E
799,14,CALCR
3676,14,ITGA4
1901,14,S1PR1
51206,14,GP6
3455,14,IFNAR2
163702,14,IFNLR1
3479,14,IGF1
5914,4,RARA
5737,14,PTGFR
57124,14,CD248
2157,14,F8
10544,14,PROCR
134,14,ADORA1
351,14,APP
5155,14,PDGFB
5027,14,P2RX7
2264,1,FGFR4
3383,14,ICAM1
1604,14,CD55
7139,14,TNNT2
7136,14,TNNI2
5732,14,PTGER2
7135,14,TNNI1
7125,14,TNNC2
7134,14,TNNC1
2100,4,ESR2
5601,1,MAPK9
6752,14,SSTR2
2891,14,GRIA2
4155,14,MBP
4160,14,MC4R
4157,14,MC1R
2690,14,GHR
1803,14,DPP4
3600,14,IL15
8600,14,TNFSF11
2243,14,FGA
8792,14,TNFRSF11A
144423,14,GLT1D1
4300,14,MLLT3
9692,14,PRORP
112398,14,EGLN2
113263,14,GLCCI1
4056,14,LTC4S
4092,14,SMAD7
23387,14,SIK3
54600,14,UGT1A9
7364,14,UGT2B7
7067,14,THRA
169026,14,SLC30A8
253782,14,CERS6
6578,14,SLCO2A1
3107,4,HLA-C
54577,14,UGT1A7
54578,4,UGT1A6
6820,14,SULT2B1
6687,14,SPG7
2859,14,GPR35
8529,14,CYP4F2
5244,14,ABCB4
873,14,CBR1
4846,4,NOS3
3176,14,HNMT
260293,14,CYP4X1
345930,14,ECT2L
1138,14,CHRNA5
5743,4,PTGS2
54576,14,UGT1A8
1234,14,CCR5
1066,14,CES1
590,14,BCHE
80332,14,ADAM33
1048,14,CEACAM5
383,14,ARG1
2895,14,GRID2
7100,14,TLR5
346007,14,EYS
54658,4,UGT1A1
55799,14,CACNA2D3
10599,4,SLCO1B1
846,14,CASR
2152,14,F3
54659,14,UGT1A3
3117,14,HLA-DQA1
7172,4,TPMT
25970,14,SH2B1
40,14,ASIC2
6580,14,SLC22A1
6934,14,TCF7L2
3106,4,HLA-B
10587,14,TXNRD2
6505,4,SLC1A1
7166,14,TPH1
3105,14,HLA-A
3702,14,ITK
23236,14,PLCB1
2900,14,GRIK4
51083,14,GAL
2052,14,EPHX1
1394,14,CRHR1
5646,14,PRSS3
57521,14,RPTOR
4741,14,NEFM
54541,14,DDIT4
89848,14,FCHSD1
131,14,ADH7
64078,14,SLC28A3
54575,14,UGT1A10
2560,14,GABRB1
10369,14,CACNG2
345,14,APOC3
1493,4,CTLA4
9154,14,SLC28A1
5972,14,REN
51755,14,CDK12
7490,14,WT1
331,4,XIAP
7069,14,THRSP
7057,14,THBS1
7040,4,TGFB1
7035,14,TFPI
6898,14,TAT
6768,14,ST14
412,14,STS
55576,14,STAB2
6531,14,SLC6A3
6550,14,SLC9A3
6517,4,SLC2A4
6476,14,SI
5320,14,PLA2G2A
5021,14,OXTR
3084,4,NRG1
4852,14,NPY
4842,4,NOS1
4609,4,MYC
4583,14,MUC2
2158,14,F9
2315,14,MLANA
4881,14,NPR1
4312,14,MMP1
4191,14,MDH2
495,14,ATP4A
3689,4,ITGB2
3726,14,JUNB
3684,14,ITGAM
2936,14,GSR
2922,14,GRP
2796,14,GNRH1
2697,14,GJA1
51738,14,GHRL
2214,4,FCGR3A
7298,4,TYMS
1628,14,DBP
64816,14,CYP3A43
1588,4,CYP19A1
1543,4,CYP1A1
50515,14,CHST11
5617,4,PRL
796,14,CALCA
632,4,BGLAP
290,4,ANPEP
186,14,AGTR2
231,14,AKR1B1
5609,14,MAP2K7
5156,1,PDGFRA
2321,1,FLT1
5287,14,PIK3C2B
5288,14,PIK3C2G
4067,1,LYN
11200,1,CHEK2
1025,1,CDK9
2244,14,FGB
10203,14,CALCRL
9536,14,PTGES
3065,14,HDAC1
2645,14,GCK
387129,14,NPSR1
3690,14,ITGB3
9759,14,HDAC4
3043,14,HBB
2642,14,GCGR
23435,4,TARDBP
6195,14,RPS6KA1
108,14,ADCY2
1017,1,CDK2
7442,14,TRPV1
10014,14,HDAC5
1452,14,CSNK1A1
7068,4,THRB
116444,14,GRIN3B
1636,4,ACE
120892,1,LRRK2
6097,5,RORC
51776,1,MAP3K20
415116,14,PIM3
2224,14,FDPS
3973,14,LHCGR
5588,1,PRKCQ
5979,1,RET
10645,14,CAMKK2
207,1,AKT1
640,1,BLK
3824,14,KLRD1
8989,14,TRPA1
5581,14,PRKCE
8019,14,BRD3
8644,14,AKR1C3
598,14,BCL2L1
1786,14,DNMT1
1244,4,ABCC2
9429,4,ABCG2
6751,14,SSTR1
4916,1,NTRK3
7376,14,NR1H2
390245,4,KDM4E
4987,14,OPRL1
6714,1,SRC
5347,4,PLK1
462,14,SERPINC1
3592,14,IL12A
9294,14,S1PR2
3588,14,IL10RB
4314,14,MMP3
1499,1,CTNNB1
958,14,CD40
4048,14,LTA4H
2983,14,GUCY1B1
432,14,ASGR1
7276,14,TTR
2913,14,GRM3
51135,1,IRAK4
57823,14,SLAMF7
960,14,CD44
170572,14,HTR3C
2346,14,FOLH1
8795,14,TNFRSF10B
933,14,CD22
785,14,CACNB4
2562,14,GABRB3
3832,14,KIF11
81027,14,TUBB1
3362,14,HTR6
945,14,CD33
2065,1,ERBB3
4803,14,NGF
1137,14,CHRNA4
4321,14,MMP12
774,14,CACNA1B
1268,14,CNR1
9376,14,SLC22A8
3062,14,HCRTR2
5590,14,PRKCZ
2862,14,MLNR
5295,14,PIK3R1
2322,1,FLT3
10000,14,AKT3
8841,14,HDAC3
5291,4,PIK3CB
10013,14,HDAC6
136,14,ADORA2B
5142,4,PDE4B
4311,14,MME
151,14,ADRA2B
6328,14,SCN3A
6334,14,SCN8A
773,14,CACNA1A
777,14,CACNA1E
2556,14,GABRA3
3717,1,JAK2
779,14,CACNA1S
152,14,ADRA2C
2903,14,GRIN2A
2904,14,GRIN2B
9340,14,GLP2R
6524,14,SLC5A2
6557,14,SLC12A1
6559,14,SLC12A3
1909,14,EDNRA
6794,14,STK11
4763,1,NF1
3688,14,ITGB1
3360,14,HTR4
675,4,BRCA2
2280,14,FKBP1A
7252,14,TSHB
5328,4,PLAU
5578,14,PRKCA
8913,14,CACNA1G
2155,14,F7
1131,14,CHRM3
2166,14,FAAH
2205,14,FCER1A
1139,14,CHRNA7
3605,14,IL17A
5595,1,MAPK3
196,14,AHR
3565,14,IL4
836,4,CASP3
931,14,MS4A1
1869,4,E2F1
23621,14,BACE1
55193,14,PBRM1
51107,14,APH1A
10368,14,CACNG3
4915,1,NTRK2
4552,14,MTRR
1020,1,CDK5
3066,14,HDAC2
83933,14,HDAC10
6331,14,SCN5A
1027,4,CDKN1B
11309,14,SLCO2B1
140,14,ADORA3
3082,4,HGF
1021,14,CDK6
101180976,14,IFNL4
2915,14,GRM5
3932,1,LCK
6772,14,STAT1
240,14,ALOX5
8856,4,NR1I2
643,14,CXCR5
3559,4,IL2RA
5296,14,PIK3R2
3558,4,IL2
6869,14,TACR1
1548,4,CYP2A6
10062,14,NR1H3
341,14,APOC1
2561,14,GABRB2
7498,4,XDH
4353,14,MPO
54657,4,UGT1A4
4914,1,NTRK1
2897,14,GRIK1
249,14,ALPL
355,4,FAS
10,4,NAT2
5599,1,MAPK8
279,14,AMY2A
7042,14,TGFB2
778,14,CACNA1F
3577,14,CXCR1
4837,14,NNMT
3454,14,IFNAR1
2618,14,GART
1019,1,CDK4
2348,14,FOLR1
8503,14,PIK3R3
574406,4,ADAMTSL4-AS1
38,14,ACAT1
1312,14,COMT
203068,14,TUBB
6335,14,SCN9A
374,14,AREG
328,4,APEX1
2,14,A2M
5579,14,PRKCB
6121,14,RPE65
3593,14,IL12B
5465,14,PPARA
3803,14,KIR2DL2
5319,14,PLA2G1B
79728,14,PALB2
5241,14,PGR
558,1,AXL
1024,1,CDK8
5293,14,PIK3CD
5747,1,PTK2
9212,1,AURKB
90,1,ACVR1
11280,14,SCN11A
8737,14,RIPK1
3553,4,IL1B
2554,14,GABRA1
5788,14,PTPRC
8317,14,CDC7
1633,14,DCK
2744,4,GLS
5423,4,POLB
2559,14,GABRA6
760,14,CA2
322,14,APBB1
262,14,AMD1
5289,14,PIK3C3
4255,4,MGMT
6256,4,RXRA
7297,1,TYK2
2327,14,FMO2
5602,1,MAPK10
6916,14,TBXAS1
125893,14,ZNF816
1375,14,CPT1B
94025,14,MUC16
706,14,TSPO
117,14,ADCYAP1R1
5294,4,PIK3CG
24,14,ABCA4
213,14,ALB
332,4,BIRC5
4985,14,OPRD1
2492,14,FSHR
3561,14,IL2RG
959,14,CD40LG
4988,14,OPRM1
2567,14,GABRG3
6795,14,AURKC
2263,1,FGFR2
5141,14,PDE4A
2670,4,GFAP
6366,14,CCL21
2566,14,GABRG2
6530,14,SLC6A2
3643,1,INSR
3418,14,IDH2
2153,14,F5
55869,14,HDAC8
6258,14,RXRG
775,4,CACNA1C
348,4,APOE
5286,14,PIK3C2A
1806,1,DPYD
729230,14,CCR2
1129,14,CHRM2
672,4,BRCA1
200909,14,HTR3D
2892,14,GRIA3
6774,14,STAT3
64805,14,P2RY12
23081,14,KDM4C
2798,14,GNRHR
2563,14,GABRD
23411,14,SIRT1
2070,14,EYA4
1133,14,CHRM5
7150,4,TOP1
4129,14,MAOB
3716,14,JAK1
2597,14,GAPDH
116443,14,GRIN3A
2902,14,GRIN1
2149,4,F2R
596,4,BCL2
2905,14,GRIN2C
6240,4,RRM1
3845,4,KRAS
4893,4,NRAS
840,14,CASP7
2328,14,FMO3
2475,4,MTOR
1029,1,CDKN2A
23284,14,ADGRL3
1577,4,CYP3A5
1075,14,CTSC
2324,1,FLT4
6755,14,SSTR5
4843,14,NOS2
3596,14,IL13
10038,14,PARP2
1728,4,NQO1
3417,4,IDH1
4582,14,MUC1
2693,14,GHSR
5724,14,PTAFR
627,4,BDNF
857,14,CAV1
5290,4,PIK3CA
653509,14,SFTPA1
23533,14,PIK3R5
3320,5,HSP90AA1
3576,4,CXCL8
2719,14,GPC3
282617,14,IFNL3
9817,14,KEAP1
2558,14,GABRA5
1719,14,DHFR
2353,14,FOS
3283,14,HSD3B1
2898,14,GRIK2
5008,14,OSM
338,4,APOB
641,4,BLM
1718,14,DHCR24
1141,14,CHRNB2
3767,14,KCNJ11
6850,1,SYK
7124,4,TNF
3615,14,IMPDH2
2890,14,GRIA1
4780,4,NFE2L2
5728,4,PTEN
1132,14,CHRM4
6532,4,SLC6A4
1649,4,DDIT3
7153,4,TOP2A
4306,14,NR3C2
3269,14,HRH1
4313,4,MMP2
7052,4,TGM2
7301,1,TYRO3
4233,1,MET
147,14,ADRA1B
7190,14,HSP90B2P
28234,4,SLCO1B3
92737,14,DNER
4363,4,ABCC1
3352,14,HTR1D
5159,1,PDGFRB
4790,4,NFKB1
4986,14,OPRK1
4128,14,MAOA
673,4,BRAF
2555,14,GABRA2
246,4,ALOX15
3757,4,KCNH2
3357,14,HTR2B
7852,14,CXCR4
1128,14,CHRM1
150,14,ADRA2A
154,14,ADRB2
6648,4,SOD2
6387,14,CXCL12
3569,4,IL6
920,14,CD4
148,14,ADRA1A
1351,14,COX8A
146,14,ADRA1D
3265,4,HRAS
8912,14,CACNA1H
7450,14,VWF
6555,14,SLC10A2
1232,14,CCR3
238,4,ALK
1956,4,EGFR
7015,14,TERT
4193,4,MDM2
3480,1,IGF1R
695,1,BTK
5916,14,RARG
146850,14,PIK3R6
2740,5,GLP1R
5604,1,MAP2K1
2185,1,PTK2B
1080,14,CFTR
5605,1,MAP2K2
2568,14,GABRP
5467,4,PPARD
354,14,KLK3
2906,14,GRIN2D
2064,4,ERBB2
29126,4,CD274
3156,14,HMGCR
552,14,AVPR1A
5742,4,PTGS1
6198,1,RPS6KB1
3570,14,IL6R
1436,1,CSF1R
9971,14,NR1H4
776,14,CACNA1D
10966,14,RAB40B
2908,4,NR3C1
9734,14,HDAC9
2260,1,FGFR1
3091,4,HIF1A
9290,14,GPR55
2099,4,ESR1
5340,4,PLG
155,14,ADRB3
2261,1,FGFR3
6336,14,SCN10A
153,14,ADRB1
3725,14,JUN
1437,4,CSF2
3815,1,KIT
6263,14,RYR3
2159,14,F10
142,14,PARP1
3791,1,KDR
185,4,AGTR1
5999,4,RGS4
5468,4,PPARG
5315,4,PKM
3064,4,HTT
54737,4,MPHOSPH8
4864,4,NPC1
983,1,CDK1
6606,14,SMN1
410,4,ARSA
2030,4,SLC29A1
6311,4,ATXN2
6607,4,SMN2
5594,4,MAPK1
2581,4,GALC
6462,4,SHBG
132,14,ADK
2938,4,GSTA1
613,4,BCR
3683,4,ITGAL
2950,4,GSTP1
2944,4,GSTM1
1555,4,CYP2B6
8714,4,ABCC3
7066,4,THPO
4524,4,MTHFR
2539,4,G6PD
1559,4,CYP2C9
50632,4,CALY
485,4,ATP1B1P1
218,4,ALDH3A1
1816,14,DRD5
1815,14,DRD4
3358,14,HTR2C
214,4,ALCAM
1812,1,DRD1
7157,4,TP53
26,4,AOC1
25,1,ABL1
217,14,ALDH2
1814,1,DRD3
3028,4,HSD17B10
367,4,AR
27,14,ABL2
4137,4,MAPT
7421,4,VDR
1544,4,CYP1A2
3363,14,HTR7
3356,14,HTR2A
3350,14,HTR1A
1813,1,DRD2
1576,4,CYP3A4
2139,4,EYA2
10951,4,CBX1
9682,4,KDM4A
10919,4,EHMT2
572,4,BAD
570,4,BAAT
1011,4,CDH12P2
6571,14,SLC18A2
1012,4,CDH13
5243,4,ABCB1
215,4,ABCD1
216,4,ALDH1A1
1557,4,CYP2C19
1,4,A1BG
8824,4,CES2
10499,4,NCOA2
6907,4,TBL1X
8471,4,IRS4
1482,1,NKX2-5
5799,4,PTPRN2
5325,4,PLAGL1
339745,4,SPOPL
115019,4,SLC26A9
5500,4,PPP1CB
51567,4,TDP2
8698,4,S1PR4
27035,4,NOX1
267,4,AMFR
1536,4,CYBB
80704,4,SLC19A3
6928,4,HNF1B
57094,4,CPA6
26121,4,PRPF31
63826,4,SRR
222962,4,SLC29A4
6514,4,SLC2A2
64478,4,CSMD1
5571,4,PRKAG1
2330,4,FMO5
53632,4,PRKAG3
51422,4,PRKAG2
32,4,ACACB
23408,4,SIRT5
342,4,APOC1P1
5606,1,MAP2K3
225,4,ABCD2
594,4,BCKDHB
9612,4,NCOR2
123228,4,SENP8
9564,4,BCAR1
3486,4,IGFBP3
5163,4,PDK1
768,4,CA9
3551,1,IKBKB
5305,4,PIP4K2A
5047,4,PAEP
1400,4,CRMP1
122042,4,RXFP2
11240,4,PADI2
23569,4,PADI4
56,4,ACRV1
2230,1,FDX1
1182,4,CLCN3
1032,4,CDKN2D
8553,4,BHLHE40
2619,4,GAS1
2661,4,GDF9
121504,4,H4C16
662,4,BNIP1
5585,4,PKN1
29941,4,PKN3
5584,1,PRKCI
5583,1,PRKCH
995,4,CDC25C
2620,4,GAS2
2617,4,GARS1
2616,4,GAPDHP1
11140,4,CDC37
2907,4,GRINA
4204,4,MECP2
256815,4,C10orf67
34,4,ACADM
224,4,ALDH3A2
6515,4,SLC2A3
5175,4,PECAM1
56616,4,DIABLO
5587,1,PRKD1
2309,4,FOXO3
59350,4,RXFP1
1845,4,DUSP3
1235,4,CCR6
688,4,KLF5
54802,4,TRIT1
919,4,CD247
6876,4,TAGLN
5781,4,PTPN11
528,4,ATP6V1C1
25780,4,RASGRP3
8851,4,CDK5R1
2652,4,OPN1MW
2651,4,GCNT2
4000,4,LMNA
6130,5,RPL7A
6146,5,RPL22
6143,5,RPL19
6206,5,RPS12
6235,5,RPS29
6147,5,RPL23A
6189,5,RPS3A
6207,5,RPS13
6160,5,RPL31
6161,5,RPL32
9045,5,RPL14
4736,5,RPL10A
6228,5,RPS23
6230,5,RPS25
6192,5,RPS4Y1
6191,5,RPS4X
6171,5,RPL41
6167,5,RPL37
6233,5,RPS27A
6129,5,RPL7
6229,5,RPS24
6175,5,RPLP0
6136,5,RPL12
6170,5,RPL39
6139,5,RPL17
6217,5,RPS16
6210,5,RPS15A
6137,5,RPL13
6133,5,RPL9
23521,5,RPL13A
6152,5,RPL24
6193,5,RPS5
6126,5,RPL9P7
9349,5,RPL23
6231,5,RPS26
6173,5,RPL36A
6141,5,RPL18
6208,5,RPS14
6157,5,RPL27A
6124,5,RPL4
6128,5,RPL6
6144,5,RPL21
6201,5,RPS7
6154,5,RPL26
6142,5,RPL18A
6227,5,RPS21
6155,5,RPL27
254948,5,RPL9P8
6205,5,RPS11
6168,5,RPL37A
6156,5,RPL30
6234,5,RPS28
6132,5,RPL8
6203,5,RPS9
6122,5,RPL3
6159,5,RPL29
6165,5,RPL35A
6218,5,RPS17
6135,5,RPL11
6202,5,RPS8
25873,5,RPL36
6176,5,RPLP1
6169,5,RPL38
6222,5,RPS18
6188,5,RPS3
6187,5,RPS2
6194,5,RPS6
6209,5,RPS15
7026,5,NR2F2
6164,5,RPL34
3297,5,HSF1
6134,5,RPL10
6125,5,RPL5
6224,5,RPS20
6138,5,RPL15
2197,5,FAU
1938,1,EEF2
6204,5,RPS10
11224,5,RPL35
6158,5,RPL28
251,4,ALPG
248,4,ALPI
9986,4,RCE1
6002,4,RGS12
10054,4,UBA2
26054,4,SENP6
10055,4,SAE1
57337,4,SENP7
8484,4,GALR3
292,4,SLC25A5
293,4,SLC25A6
4286,4,MITF
3364,4,HUS1
7520,4,XRCC5
3178,4,HNRNPA1
7137,4,TNNI3
7468,4,NSD2
1486,1,CTBS
326,4,AIRE
1002,4,CDH4
152330,4,CNTN4
26298,4,EHF
7341,4,SUMO1
1443,4,CSH2
2029,4,ENSA
693167,4,MIR582
22999,4,RIMS1
1041,4,CDSN
696,4,BTN1A1
27006,4,FGF22
57556,4,SEMA6A
4807,4,NHLH1
79188,4,TMEM43
5917,4,RARS1
374378,4,GALNT18
2948,4,GSTM4
285761,4,DCBLD1
55902,4,ACSS2
161176,4,SYNE3
1677,4,DFFB
55332,4,DRAM1
2175,4,FANCA
7517,4,XRCC3
86,4,ACTL6A
6597,4,SMARCA4
2880,4,GPX5
7466,4,WFS1
2072,4,ERCC4
2395,4,FXN
7329,4,UBE2I
406991,4,MIR21
283106,4,CSNK2A3
323,4,APBB2
153201,4,SLC36A2
2184,1,FAH
2086,1,ERV3-1
1646,4,AKR1C2
9962,4,SLC23A2
644,4,BLVRA
1593,4,CYP27A1
368,4,ABCC6
4294,1,MAP3K10
2180,1,ACSL1
2181,1,ACSL3
57787,1,MARK4
1936,1,EEF1D
6558,4,SLC12A2
10786,4,SLC17A3
6560,4,SLC12A4
57468,4,SLC12A5
968,4,CD68
102,4,ADAM10
969,4,CD69
2737,4,GLI3
5597,1,MAPK6
170692,1,ADAMTS18
5596,1,MAPK4
22882,1,ZHX2
1980,1,EIF4EP1
2248,1,FGF3
1844,1,DUSP2
1943,1,EFNA2
6565,1,SLC15A2
1805,1,DPT
1808,1,DPYSL2
7424,1,VEGFC
369,1,ARAF
1807,1,DPYS
1497,1,CTNS
1498,1,CTNNA1P1
2993,4,GYPA
23097,1,CDK19
1961,1,EGR4
9201,1,DCLK1
23617,1,TSSK2
57118,1,CAMK1D
5058,1,PAK1
1839,1,HBEGF
83942,1,TSSK1B
6725,1,SRMS
5499,4,PPP1CA
4923,1,NTSR1
79072,4,FASTKD3
7372,4,UMPS
4489,4,MT1A
9446,4,GSTO1
5371,4,PML
1908,4,EDN3
2069,4,EREG
1495,1,CTNNA1
9891,1,NUAK1
37,4,ACADVL
605,4,BCL7A
5593,1,PRKG2
8798,1,DYRK4
9252,1,RPS6KA5
1263,1,PLK3
23178,1,PASK
5592,1,PRKG1
7295,4,TXN
25828,4,TXN2
4792,4,NFKBIA
5607,1,MAP2K5
5608,1,MAP2K6
2063,1,NR2F6
2027,1,ENO3
9261,1,MAPKAPK2
1500,1,CTNND1
6376,4,CX3CL1
7070,4,THY1
203,4,AK1
7084,4,TK2
1791,4,DNTT
10746,1,MAP3K2
302,1,ANXA2
4504,4,MT3
6654,4,SOS1
65108,4,MARCKSL1
860,4,RUNX2
3636,4,INPPL1
8013,4,NR4A3
4143,4,MAT1A
3491,4,CCN1
6346,4,CCL1
6273,4,S100A2
1031,4,CDKN2C
57142,4,RTN4
4035,4,LRP1
9021,4,SOCS3
144453,4,BEST3
80895,4,ILKAP
55757,4,UGGT2
319089,4,TTC6
4745,4,NELL1
441108,4,CARINH
81624,4,DIAPH3
4925,4,NUCB2
84890,4,ADO
51196,4,PLCE1
83461,4,CDCA3
162282,4,ANKFN1
51631,4,LUC7L2
3158,4,HMGCS2
8089,4,YEATS4
64839,4,FBXL17
7408,4,VASP
8078,4,USP5
5351,4,PLOD1
121340,4,SP7
411,4,ARSB
1634,4,DCN
9963,4,SLC23A1
4481,4,MSR1
5092,4,PCBD1
55111,4,PLEKHJ1
10888,4,GPR83
442038,4,SULT1C3
84444,4,DOT1L
10019,4,SH2B3
5037,4,PEBP1
3488,4,IGFBP5
1994,1,ELAVL1
994,4,CDC25B
6356,4,CCL11
5816,4,PVALB
1670,4,DEFA5
2981,4,GUCA2B
64499,4,TPSB2
1158,4,CKM
2980,4,GUCA2A
4868,4,NPHS1
84063,4,KIRREL2
27347,4,STK39
6708,4,SPTA1
3660,4,IRF2
219,4,ALDH1B1
29116,4,MYLIP
3329,4,HSPD1
35,4,ACADS
8711,1,TNK1
1973,1,EIF4A1
10598,1,AHSA1
2191,1,FAP
2189,1,FANCG
4593,1,MUSK
9024,1,BRSK2
23012,1,STK38L
8576,1,STK16
65975,1,STK33
5063,1,PAK3
57144,1,PAK5
4139,1,MARK1
3645,1,INSRR
7272,1,TTK
6793,1,STK10
1195,1,CLK1
6789,1,STK4
7294,1,TXK
25989,1,ULK3
94,1,ACVRL1
55589,1,BMP2K
5127,1,CDK16
7075,1,TIE1
1501,1,CTNND2
5727,4,PTCH1
2199,1,FBLN2
6777,1,STAT5B
10006,1,ABI1
170541,4,PSMD10P1
23198,4,PSME4
266971,4,PIPSL
5721,4,PSME2
151645,4,PSMC1P1
280644,4,PSMD10P2
9491,4,PSMF1
338091,4,PSMD10P3
5715,4,PSMD9
29893,4,PSMC3IP
54035,4,PSMD4P1
10197,4,PSME3
5716,4,PSMD10
5705,4,PSMC5
5709,4,PSMD3
5702,4,PSMC3
5699,4,PSMB10
5717,4,PSMD11
143471,4,PSMA8
9861,4,PSMD6
5708,4,PSMD2
5719,4,PSMD13
5700,4,PSMC1
5688,4,PSMA7
5685,4,PSMA4
5684,4,PSMA3
11047,4,ADRM1
5691,4,PSMB3
7979,4,SEM1
5706,4,PSMC6
5711,4,PSMD5
338099,4,PSME2P2
5692,4,PSMB4
5714,4,PSMD8
5694,4,PSMB6
5720,4,PSME1
5701,4,PSMC2
5690,4,PSMB2
5713,4,PSMD7
122706,4,PSMB11
5682,4,PSMA1
5698,4,PSMB9
5704,4,PSMC4
5689,4,PSMB1
5696,4,PSMB8
5707,4,PSMD1
5718,4,PSMD12
5710,4,PSMD4
5695,4,PSMB7
5686,4,PSMA5
5687,4,PSMA6
5693,4,PSMB5
5683,4,PSMA2
1487,1,CTBP1
1488,1,CTBP2
208,1,AKT2
55351,1,STK32B
2209,1,FCGR1A
2219,4,FCN1
8986,1,RPS6KA4
8536,1,CAMK1
1842,1,ECM2
2249,1,FGF4
8550,1,MAPKAPK5
1818,1,DRD5P2
1817,1,DRD5P1
1837,1,DTNA
1642,4,DDB1
51185,4,CRBN
8451,4,CUL4A
127623,1,OR2B11
2043,1,EPHA4
2051,1,EPHB6
284656,1,EPHA10
2041,1,EPHA1
2044,1,EPHA5
2042,1,EPHA3
2045,1,EPHA7
1833,1,EPYC
53834,1,FGFRL1
100462812,1,FGFR3P1
11116,1,CEP43
26127,1,FGFR1OP2
1832,1,DSP
1811,1,SLC26A3
1809,1,DPYSL3
1810,1,DR1
2050,1,EPHB4
898,1,CCNE1
5154,1,PDGFA
80310,1,PDGFD
56034,1,PDGFC
26524,1,LATS2
5782,1,PTPN12
8242,1,KDM5C
6584,1,SLC22A5
4288,1,MKI67
5787,1,PTPRB
92304,1,SCGB3A1
2130,1,EWSR1
3077,1,HFE
1937,1,EEF1G
8924,4,HERC2
23410,4,SIRT3
8658,4,TNKS
80351,4,TNKS2
5520,4,PPP2R2A
7403,4,KDM6A
580,4,BARD1
2772,4,GNAI2P1
93649,4,MYOCD
81607,4,NECTIN4
1407,4,CRY1
1393,4,CRHBP
1109,4,AKR1C4
256987,4,SERINC5
81608,1,FIP1L1
140733,4,MACROD2
9719,4,ADAMTSL2
1838,1,DTNB
2257,1,FGF12
2059,1,EPS8
2023,1,ENO1
1840,1,DTX1
4293,1,MAP3K9
2001,1,ELF5
55379,4,LRRC59
55737,4,VPS35
3053,4,SERPIND1
7177,4,TPSAB1
1674,4,DES
5552,4,SRGN
7980,4,TFPI2
5104,4,SERPINA5
6590,4,SLPI
2632,4,GBE1
2359,4,FPR3
2028,16,ENPEP
730,4,C7
732,4,C8B
714,4,C1QC
726,4,CAPN5
725,4,C4BPB
720,4,C4A
2705,4,GJB1
715,4,C1R
729,4,C6
744,4,MPPED2
587,4,BCAT2
745,4,MYRF
733,4,C8G
734,4,OSGIN2
717,4,C2
722,4,C4BPA
721,4,C4B
731,4,C8A
504,4,ATP5F1AP2
727,4,C5
728,4,C5AR1
719,4,C3AR1
382,4,ARF6
724,4,C4BPAP2
88,4,ACTN2
325,4,APCS
433,4,ASGR2
520,4,ATP5MC2P1
498,4,ATP5F1A
2294,4,FOXF1
7058,4,THBS2
3226,4,HOXC10
7203,4,CCT3
6470,4,SHMT1
11320,4,MGAT4A
1464,4,CSPG4
3492,4,IGH
2845,4,GPR22
2844,4,GPR21
2846,4,LPAR4
2109,1,ETFB
2776,1,GNAQ
5888,1,RAD51
5921,1,RASA1
2118,1,ETV4
2119,1,ETV5
55510,1,DDX43
2115,1,ETV1
1848,4,DUSP6
342371,1,ATXN1L
23152,1,CIC
1362,4,CPD
130940,4,CCDC148
4194,4,MDM4
80380,4,PDCD1LG2
2760,4,GM2A
1819,1,DRG2
5820,1,PVT1
2810,1,SFN
92241,1,RCSD1
10941,1,UGT2A1
154661,1,RUNDC3B
1572,1,CYP2F1
8534,1,CHST1
7409,4,VAV1
1154,4,CISH
1010,4,CDH12
291,4,SLC25A4
246778,4,IL27
148022,4,TICAM1
27020,4,NPTN
58157,4,NGB
8832,4,CD84
9232,4,PTTG1
53919,4,SLCO1C1
1332,4,COX5BP3
1967,4,EIF2B1
2013,4,EMP2
5730,4,PTGDS
64137,4,ABCG4
1622,4,DBI
6736,4,SRY
4150,4,MAZ
3687,4,ITGAX
6355,4,CCL8
94103,4,ORMDL3
55374,4,TMCO6
9332,4,CD163
5610,4,EIF2AK2
5744,4,PTHLH
1556,4,CYP2B7P
2002,4,ELK1
8862,4,APLN
2033,4,EP300
1965,4,EIF2S1
1477,4,CSTF1
2134,4,EXTL1
1378,4,CR1
1479,4,CSTF3
9306,4,SOCS6
5122,4,PCSK1
8651,4,SOCS1
5967,4,REG1A
6844,4,VAMP2
2888,4,GRB14
9900,4,SV2A
5502,4,PPP1R1A
1981,1,EIF4G1
7531,4,YWHAE
253260,1,RICTOR
2073,4,ERCC5
972,4,CD74
3925,4,STMN1
5837,4,PYGM
6354,4,CCL7
57650,4,CIP2A
64132,4,XYLT2
79969,4,ATAT1
8945,4,BTRC
11044,4,TENT4A
400745,4,SH2D5
196513,4,DCP1B
84920,4,ALG10
84959,4,UBASH3B
170954,4,PPP1R18
29113,4,C6orf15
814,4,CAMK4
219983,4,OR4D6
2274,4,FHL2
4439,4,MSH5
135656,4,MUCL3
84618,4,NT5C1A
2631,4,NIPSNAP2
2114,4,ETS2
2630,4,GBA1LP
988,4,CDC5L
81704,4,DOCK8
168400,4,DDX53
30833,4,NT5C
4089,4,SMAD4
883,4,KYAT1
130,4,ADH6
1979,1,EIF4EBP2
7201,4,TRHR
55693,4,KDM4D
2679,4,GGT3P
1632,4,ECI1
4316,4,MMP7
26986,4,PABPC1
2009,4,EML1
3002,4,GZMB
7415,4,VCP
6613,4,SUMO2
1398,4,CRK
200315,4,APOBEC3A
1187,4,CLCNKA
701,4,BUB1B
8850,4,KAT2B
949,4,SCARB1
10536,4,P3H3
22908,4,SACM1L
4507,4,MTAP
4953,4,ODC1
54498,4,SMOX
4495,4,MT1G
9615,4,GDA
1146,4,CHRNG
1145,4,CHRNE
1144,4,CHRND
1140,4,CHRNB1
2742,4,GLRA2
601,4,BAK1P2
334,4,APLP2
1444,4,CSHL1
26873,4,OPLAH
125,4,ADH1B
396,4,ARHGDIA
527,4,ATP6V0C
515,4,ATP5PB
516,4,ATP5MC1
166,4,TLE5
1429,4,CRYZ
7181,4,NR2C1
4485,4,MST1
100506658,4,OCLN
4192,4,MDK
8204,4,NRIP1
3231,4,HOXD1
5918,4,RARRES1
5803,4,PTPRZ1
1959,4,EGR2
7182,4,NR2C2
634,4,CEACAM1
7101,4,NR2E1
3211,4,HOXB1
2521,4,FUS
3280,4,HES1
64061,4,TSPYL2
4087,4,SMAD2
51296,4,SLC15A3
987,4,LRBA
1173,4,AP2M1
1296,4,COL8A2
1294,4,COL7A1
26099,4,SZRD1
8828,4,NRP2
11253,4,MAN1B1
1030,1,CDKN2B
2976,4,GTF3C2
10098,4,TSPAN5
492,4,ATP2B3
685,4,BTC
6595,4,SMARCA2
521,4,ATP5ME
52,4,ACP1
1382,4,CRABP2
1476,1,CSTB
1947,1,EFNB1
8833,4,GMPS
29850,4,TRPM5
835,4,CASP2
766,4,CA7
23632,4,CA14
762,4,CA4
444,4,ASPH
447,4,ASS1P2
5029,4,P2RY2
2800,4,GOLGA1
6792,4,CDKL5
635,4,BHMT
23743,4,BHMT2
1204,4,CLNS1AP1
914,4,CD2
604,4,BCL6
902,4,CCNH
59343,4,SENP2
116369,4,SLC26A8
204,4,AK2
4948,4,OCA2
205,4,AK4
6692,4,SPINT1
5577,4,PRKAR2B
2916,4,GRM6
2918,4,GRM8
450,4,ASS1P5
602,4,BCL3
5629,4,PROX1
116985,4,ARAP1
79991,4,STN1
6909,4,TBX2
2868,4,GRK4
130271,4,PLEKHH2
23076,4,RRP1B
2590,4,GALNT2
91703,4,ACY3
578,4,BAK1
1317,4,SLC31A1
9025,4,RNF8
8379,4,MAD1L1
3980,4,LIG3
200765,4,TIGD1
1826,4,DSCAM
9470,4,EIF4E2
85363,4,TRIM5
2342,4,FNTB
585,4,BBS4
2901,4,GRIK5
23657,4,SLC7A11
3759,4,KCNJ2
10021,4,HCN4
6330,4,SCN4B
55800,4,SCN3B
6327,4,SCN2B
6324,4,SCN1B
841,4,CASP8
406947,4,MIR155
3916,4,LAMP1
10912,4,GADD45G
336,4,APOA2
340267,6,COL28A1
1281,6,COL3A1
1280,6,COL2A1
1291,6,COL6A1
131873,6,COL6A6
1285,6,COL4A3
1290,6,COL5A2
1289,6,COL5A1
256076,6,COL6A5
1292,6,COL6A2
255631,6,COL24A1
1287,6,COL4A5
1288,6,COL4A6
1282,6,COL4A1
85301,6,COL27A1
50509,6,COL5A3
1286,6,COL4A4
1293,6,COL6A3
761,4,CA3
157,4,GRK3
357,4,SHROOM2
2615,4,LRRC32
27352,1,SGSM3
2286,4,FKBP2
1480,4,CSTP1
1801,1,DPH1
9636,4,ISG15
116328,4,C8orf34
23024,4,PDZRN3
10512,4,SEMA3C
8490,4,RGS5
116447,4,TOP1MT
864,4,RUNX3
3831,4,KLC1
9619,4,ABCG1
6016,1,RIT1
5366,4,PMAIP1
7518,4,XRCC4
10549,4,PRDX4
5005,4,ORM2
55697,4,VAC14
9469,4,CHST3
606500,4,SNORD68
27233,4,SULT1C4
1580,4,CYP4B1
7090,4,TLE3
2621,4,GAS6
23373,1,CRTC1
29940,4,DSE
7259,4,TSPYL1
5055,4,SERPINB2
5329,4,PLAUR
5251,4,PHEX
1720,4,DHFRP3
6367,4,CCL22
8061,4,FOSL1
353,4,APRT
2040,1,STOM
5949,4,RBP3
9463,4,PICK1
6570,4,SLC18A1
28231,4,SLCO4A1
28232,4,SLCO3A1
84634,4,KISS1R
1358,4,CPA2
1584,4,CYP11B1
1583,4,CYP11A1
81794,4,ADAMTS10
4070,4,TACSTD2
5956,4,OPN1LW
29904,4,EEF2K
3276,4,PRMT1
2098,4,ESD
201163,4,FLCN
1740,4,DLG2
5010,4,CLDN11
2766,4,GMPR
10563,4,CXCL13
2628,4,GATM
9134,1,CCNE2
1978,4,EIF4EBP1
896,1,CCND3
894,1,CCND2
27343,4,POLL
645,4,BLVRB
3242,4,HPD
2801,4,GOLGA2
64167,16,ERAP2
51752,16,ERAP1
1318,4,SLC31A2
7321,4,UBE2D1
6556,4,SLC11A1
2982,4,GUCY1A1
2974,4,GUCY1B2
3324,4,HSP90AA2P
8528,4,DDO
182,4,JAG1
1667,4,DEFA1
4851,4,NOTCH1
2034,4,EPAS1
56666,4,PANX2
116337,4,PANX3
735,4,C9
1794,1,DOCK2
1795,1,DOCK3
1785,1,DNM2
1822,1,ATN1
1527,1,TEX28
3273,4,HRG
2285,1,FKBP1AP4
1987,1,EIF5AP3
1519,1,CTSO
8030,1,CCDC6
3799,1,KIF5B
4005,4,LMO2
3628,4,INPP1
79529,4,OR52J2P
57476,4,GRAMD1B
283446,4,MYO1H
119678,4,OR52E2
283635,4,FAM177A1
339896,4,GADL1
119679,4,OR52J3
107,4,ADCY1
51252,4,FAM178B
1823,1,DSC1
1528,1,CYB5A
197259,1,MLKL
303,20,ANXA2P1
304,20,ANXA2P2
10498,4,CARM1
80854,4,SETD7
64109,4,CRLF2
6009,4,RHEB
2288,4,FKBP4
5934,4,RBL2
166378,4,AFG2A
9639,4,ARHGEF10
7976,4,FZD3
121512,4,FGD4
4778,4,NFE2
27250,4,PDCD4
64223,1,MLST8
84335,1,AKT1S1
79109,1,MAPKAP1
64798,1,DEPTOR
1108,4,CHD4
644314,4,MT1IP
6566,4,SLC16A1
678,4,ZFP36L2
226,4,ALDOA
2865,4,FFAR3
51548,4,SIRT6
6598,4,SMARCB1
23409,4,SIRT4
51547,4,SIRT7
3429,4,IFI27
6370,4,CCL25
7430,4,EZR
1673,4,DEFB4A
600,4,BAK1P1
6773,4,STAT2
3779,4,KCNMB1
30820,4,KCNIP1
750,4,GAS8-AS1
392,4,ARHGAP1
393,4,ARHGAP4
8884,4,SLC5A6
3293,4,HSD17B3
3375,4,IAPP
7402,4,UTRN
8412,4,BCAR3
5783,4,PTPN13
2145,4,EZH1
29089,4,UBE2T
2058,4,EPRS1
7803,4,PTP4A1
23224,4,SYNE2
6786,4,STIM1
22893,4,BAHD1
55959,4,SULF2
1690,4,COCH
57129,4,MRPL47
822,4,CAPG
286183,4,NKAIN3
100616320,4,MIR4481
71,4,ACTG1
5621,4,PRNP
2122,4,MECOM
7178,4,TPT1
7291,4,TWIST1
22871,4,NLGN1
9156,4,EXO1
84465,4,MEGF11
1124,4,CHN2
9231,4,DLG5
10584,4,COLEC10
8549,4,LGR5
403223,4,OR10AE3P
51733,4,UPB1
5980,4,REV3L
6401,4,SELE
10644,4,IGF2BP2
121131,4,PSMB3P1
117583,4,PARD3B
27330,1,RPS6KA6
7867,1,MAPKAPK3
1525,1,CXADR
6199,1,RPS6KB2
362,4,AQP5
2707,4,GJB3
5664,1,PSEN2
5663,4,PSEN1
83464,1,APH1B
55851,1,PSENEN
23385,1,NCSTN
277,4,AMY1B
275,4,AMT
278,4,AMY1C
440081,4,DDX12P
79815,4,NIPAL2
83888,4,FGFBP2
112755,4,STX1B
80821,4,DDHD1
4734,4,NEDD4
339105,4,PRSS53
6810,4,STX4
935,4,CD24P1
3623,4,INHA
543,4,ALDH7A1P3
7060,4,THBS4
346,4,APOC4
23358,4,USP24
3171,4,FOXA3
221458,4,KIF6
6554,4,SLC10A1
87178,4,PNPT1
10336,4,PCGF3
1434,4,CSE1L
84867,4,PTPN5
454,4,ASS1P9
451,4,ASS1P6
453,4,ASS1P8
55187,4,VPS13D
2195,4,FAT1
100302267,4,MIR2054
1911,4,PHC1
4121,4,MAN1A1
57178,4,ZMIZ1
84873,4,ADGRG7
135112,4,NCOA7
29101,4,SSU72
83446,4,CCDC70
23240,4,TMEM131L
10225,4,CD96
160492,4,LMNTD1
63899,4,NSUN3
26011,4,TENM4
10253,4,SPRY2
140885,4,SIRPA
84318,4,CCDC77
201633,4,TIGIT
10672,4,GNA13
2303,4,FOXC2
961,4,CD47
3587,4,IL10RA
6678,4,SPARC
2743,4,GLRB
2352,4,FOLR3
1787,1,TRDMT1
7043,4,TGFB3
64115,4,VSIR
2262,1,GPC5
2857,1,GPR34
2235,1,FECH
2137,1,EXTL3
2135,1,EXTL2
4101,4,MAGEA2
11171,4,STRAP
6348,4,CCL3
967,4,CD63
1105,4,CHD1
5898,4,RALA
2339,4,FNTA
2826,4,CCR10
7273,4,TTN
939,4,CD27
9453,4,GGPS1
1798,1,DPAGT1
9542,4,NRG2
137492,4,VPS37A
7039,4,TGFA
1183,4,CLCN4
746,4,TMEM258
105,4,ADARB2
493,4,ATP2B4
8001,4,GLRA3
419,4,ART3
418,4,ART2P
414,4,ARSD
417,4,ART1
420,4,ART4
415,4,ARSL
8085,4,KMT2D
999,4,CDH1
6753,4,SSTR3
26060,4,APPL1
2350,4,FOLR2
8301,4,PICALM
26115,4,TANC2
26580,4,BSCL2
10555,4,AGPAT2
84823,4,LMNB2
2691,4,GHRH
51727,4,CMPK1
5130,4,PCYT1A
5230,4,PGK1
5833,4,PCYT2
56994,4,CHPT1
1611,4,DAP
10524,4,KAT5
1388,4,ATF6B
220,4,ALDH1A3
611,4,OPN1SW
212,4,ALAS2
22987,4,SV2C
9899,4,SV2B
522,4,ATP5PF
523,4,ATP6V1A
513,4,ATP5F1D
114,4,ADCY8
54207,4,KCNK10
27032,4,ATP2C1
338567,4,KCNK18
51305,4,KCNK9
80243,1,PREX2
6663,1,SOX10
10734,1,STAG3
10735,1,STAG2
2358,4,FPR2
1612,4,DAPK1
55107,4,ANO1
6447,4,SCG5
5111,4,PCNA
1827,1,RCAN1
1847,1,DUSP5
22848,1,AAK1
1933,1,EEF1B2
123041,4,SLC24A4
60676,4,PAPPA2
169044,4,COL22A1
9575,4,CLOCK
10892,5,MALT1
10266,4,RAMP2
10267,4,RAMP1
2738,5,GLI4
2739,4,GLO1
2151,4,F2RL2
9168,4,TMSB10
3713,4,IVL
347,4,APOD
689,4,BTF3
687,4,KLF9
693,4,BTF3P1
694,4,BTG1
1802,1,DPH2
48,4,ACO1
4493,4,MT1E
7356,1,SCGB1A1
5079,4,PAX5
9049,4,AIP
2951,4,GSTP1P1
3872,4,KRT17
7417,4,VDAC2
56892,4,TCIM
3136,4,HLA-H
285,4,ANGPT2
4909,4,NTF4
6770,4,STAR
7011,30,TEP1
1736,30,DKC1
3113,4,HLA-DPA1
100132285,4,KIR2DS2
4234,4,METTL1
5792,4,PTPRF
3434,4,IFIT1
120227,4,CYP2R1
114769,4,CARD16
4938,4,OAS1
8638,4,OASL
25943,4,DNAAF9
79670,4,TUT7
4277,4,MICB
3203,4,HOXA6
8558,1,CDK10
1877,4,E4F1
2909,4,ARHGAP35
27302,4,BMP10
2829,4,XCR1
400,4,ARL1
403,4,ARL3
402,4,ARL2
1353,4,COX11
509,4,ATP5F1C
57537,4,SORCS2
1297,4,COL9A1
680,4,BRS3
664,4,BNIP3
25942,4,SIN3A
9314,4,KLF4
3783,4,KCNN4
1359,4,CPA3
1314,4,COPA
1198,4,CLK3
2010,1,EMD
2054,1,STX2
1517,1,CTSLP2
1524,1,CX3CR1
2121,1,EVC
1521,1,CTSW
1669,4,DEFA4
3659,4,IRF1
5205,1,ATP8B1
4853,1,NOTCH2
3212,4,HOXB2
10568,4,SLC34A2
80736,4,SLC44A4
26872,4,STEAP1
260334,4,TUBB8B
1750,4,DLX6
974,4,CD79B
5169,4,ENPP3
4061,4,LY6E
539,4,ATP5PO
534,4,ATP6V1G2
5443,4,POMC
284,4,ANGPT1
286,4,ANK1
8190,4,MIA
9572,4,NR1D1
3939,4,LDHA
3098,4,HK1
2824,4,GPM6B
5933,4,RBL1
6767,4,ST13
9355,4,LHX2
11332,4,ACOT7
375612,4,LHFPL3
9582,4,APOBEC3B
374860,4,ANKRD30B
10345,4,TRDN
23028,4,KDM1A
2669,4,GEM
7433,4,VIPR1
59352,14,LGR6
3140,4,MR1
2995,4,GYPC
1998,1,ELF2
1997,1,ELF1
1995,1,ELAVL3
4854,1,NOTCH3
2992,1,GYG1
56946,4,EMSY
219771,4,CCNY
55054,4,ATG16L1
9474,4,ATG5
10010,4,TANK
84883,4,AIFM2
114836,4,SLAMF6
55619,4,DOCK10
23315,4,SLC9A8
2217,1,FCGRT
3068,4,HDGF
5052,4,PRDX1
8050,4,PDHX
1581,4,CYP7A1
1579,4,CYP4A11
3433,4,IFIT2
3384,4,ICAM2
3661,4,IRF3
100132417,4,FCGR1CP
4795,4,NFKBIL1
22801,4,ITGA11
1087,4,CEACAM7
2959,4,GTF2B
7528,4,YY1
2649,4,NR6A1
1472,4,CST4
3489,4,IGFBP6
8029,4,CUBN
5069,4,PAPPA
10631,4,POSTN
56477,4,CCL28
4680,4,CEACAM6
5775,4,PTPN4
4598,4,MVK
501,4,ALDH7A1
1365,4,CLDN3
3693,14,ITGB5
3694,14,ITGB6
344,4,APOC2
10514,4,MYBBP1A
440,4,ASNS
79822,4,ARHGAP28
1303,4,COL12A1
10242,4,KCNMB2
2533,1,FYB1
2535,1,FZD2
7126,4,TNFAIP1
51744,4,CD244
5551,4,PRF1
1143,4,CHRNB4
10992,35,SF3B2
79595,35,SAP130
6358,4,CCL14
280,36,AMY2B
938,4,CD24P4
583,4,BBS2
30817,4,ADGRE2
27087,4,B3GAT1
6383,4,SDC2
3912,6,LAMB1
2876,4,GPX1
3487,4,IGFBP4
1191,4,CLU
10857,4,PGRMC1
29843,4,SENP1
4357,4,MPST
1305,4,COL13A1
23552,1,CDK20
5218,1,CDK14
8621,1,CDK13
984,1,CDK11B
5129,1,CDK18
5128,1,CDK17
65061,1,CDK15
2650,4,GCNT1
1999,1,ELF3
1953,1,MEGF6
2025,1,ENO1P1
2170,4,FABP3
2169,4,FABP2
3096,4,HIVEP1
57410,4,SCYL1
2768,4,GNA12
677,4,ZFP36L1
58,4,ACTA1
1902,4,LPAR1
23566,4,LPAR3
10762,4,NUP50
669,4,BPGM
8794,4,TNFRSF10C
1879,4,EBF1
1880,4,GPR183
7940,4,LST1
4050,4,LTB
4952,4,OCRL
2498,4,FTH1P3
2499,4,FTH1P4
101730217,4,SPECC1L-ADORA2A
273,4,AMPH
274,4,BIN1
1617,4,DAZ1
8569,4,MKNK1
3073,4,HEXA
4904,4,YBX1
79644,4,SRD5A3
1421,4,CRYGD
4696,15,NDUFA3
25915,15,NDUFAF3
4714,15,NDUFB8
4719,15,NDUFS1
54539,15,NDUFB11
29078,15,NDUFAF4
126328,15,NDUFA11
4695,15,NDUFA2
374291,15,NDUFS7
4701,15,NDUFA7
4726,15,NDUFS6
4702,15,NDUFA8
4731,15,NDUFV3
4710,15,NDUFB4
4698,15,NDUFA5
4704,15,NDUFA9
4697,15,NDUFA4
4706,15,NDUFAB1
4724,15,NDUFS4
4713,15,NDUFB7
4711,15,NDUFB5
55967,15,NDUFA12
91942,15,NDUFAF2
4725,15,NDUFS5
4717,15,NDUFC1
4728,15,NDUFS8
4715,15,NDUFB9
4720,15,NDUFS2
4694,15,NDUFA1
4723,15,NDUFV1
4707,15,NDUFB1
4700,15,NDUFA6
4712,15,NDUFB6
4729,15,NDUFV2
51103,15,NDUFAF1
4722,15,NDUFS3
4716,15,NDUFB10
4718,15,NDUFC2
4708,15,NDUFB2
4709,15,NDUFB3
56901,15,NDUFA4L2
4705,15,NDUFA10
2820,15,GPD2
51079,15,NDUFA13
3284,4,HSD3B2
1836,1,SLC26A2
5409,4,PNMT
3732,4,CD82
1641,4,DCX
118856,4,MMP21
1657,4,DMXL1
1648,4,GADD45AP1
4325,4,MMP16
1639,4,DCTN1
1660,4,DHX9
1662,4,DDX10
1629,4,DBT
1630,4,DCC
3205,4,HOXA9
310,1,ANXA7
915,4,CD3D
54567,1,DLL4
9175,1,MAP3K13
7786,1,MAP3K12
4296,1,MAP3K11
5568,1,PRKACG
526,4,ATP6V1B2
56848,4,SPHK2
653361,4,NCF1
5654,4,HTRA1
6510,4,SLC1A5
10991,4,SLC38A3
1934,4,EEF1B2P2
2794,4,GNL1
2790,4,GNG10
2792,4,GNGT1
2791,4,GNG11
1016,4,CDH18
3978,4,LIG1
1915,4,EEF1A1
4688,4,NCF2
57404,4,CYP20A1
56923,40,NMUR2
10316,40,NMUR1
79987,4,SVEP1
9972,4,NUP153
375033,4,PEAR1
79784,41,MYH14
57644,41,MYH7B
4624,41,MYH6
4633,41,MYL2
58498,41,MYL7
4634,41,MYL3
4635,41,MYL4
3148,4,HMGB2
2334,4,AFF2
140803,4,TRPM6
8973,1,CHRNA6
89832,4,CHRFAM7A
57659,4,ZBTB4
123688,4,HYKK
10525,4,HYOU1
3183,4,HNRNPC
2004,1,ELK3
51527,1,GSKIP
2354,4,FOSB
5981,14,RFC1
6947,4,TCN1
2720,14,GLB1
966,4,CD59
1028,4,CDKN1C
1725,4,DHPS
89790,5,SIGLEC10
3304,5,HSPA1B
2611,4,GAPDHP69
3188,4,HNRNPH2
2978,4,GUCA1A
337,4,APOA4
5868,4,RAB5A
2553,4,GABPB1
1442,4,CSH1
6317,4,SERPINB3
22938,4,SNW1
6525,4,SMTN
47,4,ACLY
64170,4,CARD9
11096,4,ADAMTS5
1875,4,E2F5
8772,4,FADD
4060,4,LUM
2821,4,GPI
2884,1,GPX1P2
3337,4,DNAJB1
1610,4,DAO
3015,1,H2AZ1
114609,4,TIRAP
6583,4,SLC22A4
51561,4,IL23A
406912,4,MIR125B2
10140,4,TOB1
407011,4,MIR23B
406901,4,MIR107
62,4,ACTBP2
1311,4,COMP
2245,1,FGD1
843,4,CASP10
837,4,CASP4
838,4,CASP5
23581,4,CASP14
1624,4,DBIP1
100506742,4,CASP12
2015,1,ADGRE1
1489,1,CTF1
2077,1,ERF
1983,1,EIF5
1975,1,EIF4B
2258,1,FGF13
2282,1,FKBP1AP1
114112,14,TXNRD3
33,4,ACADL
154075,4,SAMD3
4601,4,MXI1
3549,4,IHH
3426,4,CFI
10017,4,BCL2L10
167359,1,NIM1K
1960,1,EGR3
3612,1,IMPA1
1463,1,NCAN
9002,4,F2RL3
340061,14,STING1
3092,1,HIP1
6477,14,SIAH1
377677,4,CA13
11238,4,CA5B
763,4,CA5A
2200,1,FBN1
2016,1,EMX1
27178,4,IL37
649159,4,LINC00273
2636,4,GBX1
2914,4,GRM4
93,4,ACVR2B
83729,44,INHBE
998,44,CDC42
27334,45,P2RY10
9934,45,P2RY14
53829,45,P2RY13
286530,45,P2RY8
10161,45,LPAR6
5030,45,P2RY4
5032,45,P2RY11
5028,45,P2RY1
2055,1,CLN8
2786,1,GNG4
2764,4,GMFB
59,4,ACTA2
112476,1,PRRT2
2039,1,DMTN
2273,1,FHL1
31,4,ACACA
1264,4,CNN1
2201,1,FBN2
3017,1,H2BC5
3601,4,IL15RA
2823,4,GPM6A
10269,4,ZMPSTE24
2822,4,GPLD1
26130,4,GAPVD1
90874,4,ZNF697
3664,4,IRF6
283,4,ANG
80270,4,HSD3B7
1717,4,DHCR7
1596,4,ADAM3B
1369,4,CPN1
2664,4,GDI1
23522,4,KAT6B
2667,4,GDI2P1
2665,4,GDI2
57620,4,STIM2
6344,48,SCTR
372,48,ARCN1
705,4,BYSL
2994,4,GYPB
2601,4,GAPDHP60
4594,4,MMUT
23461,4,ABCA5
3134,4,HLA-F
5516,4,PPP2CB
5536,4,PPP5C
5524,4,PTPA
10988,16,METAP2
2281,1,FKBP1B
2116,1,ETV2
2210,1,FCGR1BP
2125,1,EVPL
2745,4,GLRX
83,4,ACTG1P10
165,4,AEBP1
112,4,ADCY6
276,4,AMY1A
27249,4,MMADHC
307,4,ANXA4
64106,4,NPFFR1
305,4,ANXA2P3
306,4,ANXA3
391051,4,UOX
58508,14,KMT2C
170506,14,DHX36
3812,14,KIR3DL2
3806,4,KIR2DS1
1758,4,DMP1
2833,50,CXCR3
2698,4,GJA1P1
2686,4,GGT7
51194,1,IPO11
55705,1,IPO9
9670,1,IPO13
10527,1,IPO7
79711,1,IPO4
10526,1,IPO8
39,14,ACAT2
363,4,AQP6
387893,1,KMT5A
1982,1,EIF4G2
1295,4,COL8A1
8320,4,EOMES
23274,4,CLEC16A
3449,54,IFNA16
3441,54,IFNA4
3444,54,IFNA7
3443,54,IFNA6
3445,54,IFNA8
3452,54,IFNA21
3451,54,IFNA17
3448,54,IFNA14
3447,54,IFNA13
3446,54,IFNA10
8174,0,MADCAM1
69,0,ACTBP9
68,0,ACTBP8
3126,4,HLA-DRB4
81,4,ACTN4
245,2,ALOX12P2
8811,2,GALR2
243,2,ALOX12P1
339766,4,MROH2A
2789,14,GNG5P1
4337,4,MOCS1
154796,4,AMOT
56413,4,LTB4R2
87,4,ACTN1
3241,4,HPCAL1
7004,4,TEAD4
223,4,ALDH9A1
6480,4,ST6GAL1
10125,4,RASGRP1
165140,4,OXER1
271,4,AMPD2
27040,1,LAT
5166,4,PDK4
5165,4,PDK3
5164,4,PDK2
1825,1,DSC3
2271,4,FH
6343,48,SCT
26258,14,BLOC1S6
2331,4,FMOD
79733,4,E2F8
1876,4,E2F6
1870,4,E2F2
1871,4,E2F3
1874,4,E2F4
1620,4,BRINP1
1618,4,DAZL
1623,4,DBIP2
27190,3,IL17B
27189,3,IL17C
4929,3,NR4A2
1738,14,DLD
64806,3,IL25
2204,14,FCAR
8883,4,NAE1
4738,4,NEDD8
9039,4,UBA3
27010,4,TPK1
2802,7,GOLGA3
2813,7,GP2
575,4,ADGRB1
434,4,ASIP
429,4,ASCL1
128,4,ADH5
3964,8,LGALS8
3965,8,LGALS9
3958,8,LGALS3
3672,14,ITGA1
2734,4,GLG1
22798,6,LAMB4
10319,6,LAMC3
3908,6,LAMA2
3910,6,LAMA4
3909,6,LAMA3
284217,6,LAMA1
3915,6,LAMC1
3913,6,LAMB2
1615,4,DARS1
51684,4,SUFU
230,1,ALDOC
229,1,ALDOB
8325,1,FZD8
7855,1,FZD5
8324,1,FZD7
2919,9,CXCL1
2173,1,FABP7
1397,9,CRIP2
8513,9,LIPF
3070,9,HELLS
221955,9,DAGLB
1396,9,CRIP1
533,4,ATP6V0B
2788,14,GNG7
1627,14,DBN1
2850,14,GPR27
10135,4,NAMPT
3000,4,GUCY2D
27329,4,ANGPTL3
576,4,ADGRB2
401,4,PHOX2A
29851,4,ICOS
4882,10,NPR2
1747,10,DLX3
1748,10,DLX4
4883,10,NPR3
8312,1,AXIN1
59272,4,ACE2
8809,11,IL18R1
8807,11,IL18RAP
58985,14,IL22RA1
53637,4,S1PR5
4074,4,M6PR
2627,4,GATA6
93432,4,MGAM2
5506,4,PPP1R3A
79660,4,PPP1R3B
2710,4,GK
2770,4,GNAI1
79716,16,NPEPL1
23173,16,METAP1
206338,16,LVRN
9520,16,NPEPPS
254042,16,METAP1D
63929,16,XPNPEP3
51056,16,LAP3
4236,16,MFAP1
23549,16,DNPEP
84909,16,AOPEP
57140,16,RNPEPL1
6051,16,RNPEP
7511,16,XPNPEP1
3635,1,INPP5D
111,4,ADCY5
6403,4,SELP
3039,4,HBA1
3040,4,HBA2
6280,14,S100A9
5160,4,PDHA1
5161,4,PDHA2
29954,4,POMT2
2954,4,GSTZ1
10367,4,MICU1
797,4,CALCB
5281,4,PIGF
339479,1,BRINP3
633,4,BGN
10628,4,TXNIP
1366,12,CLDN7
1592,12,CYP26A1
1656,4,DDX6
2290,4,FOXG1
5723,4,PSPH
9468,4,PCYT1B
1749,10,DLX5
3581,4,IL9R
116449,4,CLNK
5797,4,PTPRM
1417,13,CRYBB3
8399,13,PLA2G10
5322,13,PLA2G5
92,4,ACVR2A
3624,4,INHBA
948,4,CD36
5873,4,RAB27A
4068,4,SH2D1A
6813,4,STXBP2
201294,4,UNC13D
8676,4,STX11
2182,1,ACSL4
10392,4,NOD1
145258,4,GSC
84787,4,KMT5C
1084,4,CEACAM3
8435,14,SOAT2
813,4,CALU
3175,5,ONECUT1
163,4,AP2B1
2834,50,PRLHR
54681,50,P4HTM
100529264,50,RAB4B-EGLN2
2832,50,NPBWR2
112399,50,EGLN3
5452,4,POU2F2
1518,14,CTSLP8
1469,1,CST1
1466,1,CSRP2
7140,14,TNNT3
23467,4,NPTXR
81537,14,SGPP1
55507,4,GPRC5D
10825,14,NEU3
23193,4,GANAB
2528,4,FUT6
3020,17,H3-3A
8358,17,H3C2
81539,4,SLC38A1
54407,4,SLC38A2
7184,14,HSP90B1
2643,4,GCH1
2341,14,FNTAP2
10419,18,PRMT5
1258,18,CNGB1
2835,4,GPR12
84539,36,MCHR2
2681,1,GGTA1
2709,4,GJB5
821,14,CANX
5498,19,PPOX
1371,19,CPOX
64840,14,PORCN
1384,4,CRAT
54677,4,CROT
123096,4,SLC25A29
971,4,CD72
973,4,CD79A
1233,4,CCR4
30848,14,CTAG2
1465,1,CSRP1
1470,1,CST2
1468,1,SLC25A10
1467,1,CSRP2P1
246100,21,CTAG1A
4065,21,LY75
2006,1,ELN
2017,14,CTTN
936,4,CD24P2
5168,4,ENPP2
84868,22,HAVCR2
66,4,ACTBP6
3821,23,KLRC1
2849,23,GPR26
2863,14,GPR39
2005,1,ELK4
1370,4,CPN2
1512,4,CTSH
67,4,ACTBP7
1538,1,CYLC1
2132,1,EXT2
2487,4,FRZB
646,4,BNC1
53831,4,GPR84
9965,1,FGF19
2854,4,GPR32
932,14,MS4A3
2887,4,GRB10
436,4,ASLP1
281,36,AMYP1
7037,24,TFRC
3196,24,TLX2
7036,24,TFR2
1770,14,DNAH9
309,1,ANXA6
3109,4,HLA-DMB
3108,4,HLA-DMA
1310,4,COL19A1
3006,25,H1-2
3007,25,H1-3
2312,4,FLG
3009,14,H1-5
466,4,ATF1
2838,4,GPR15
631,3,BFSP1
629,3,CFB
990,4,CDC6
643834,4,PGA3
5222,4,PGA5
255231,4,MCOLN2
2861,4,GPR37
1946,1,EFNA5
573,4,BAG1
4607,41,MYBPC3
2841,14,GPR18
84894,26,LINGO1
2882,26,GPX7
5250,14,SLC25A3
1678,4,TIMM8A
2996,4,GYPE
2494,4,NR5A2
3200,4,HOXA3
5533,4,PPP3CC
5532,4,PPP3CB
6404,4,SELPLG
1381,14,CRABP1
6843,4,VAMP1
127833,4,SYT2
28653,4,TRAV29DV5
6976,4,TRGV3
28589,4,TRBV7-9
3101,4,HK3
8740,4,TNFSF14
4055,4,LTBR
1992,4,SERPINB1
3201,14,HOXA4
6520,4,SLC3A2
4520,4,MTF1
187,4,APLNR
63,4,ACTBP3
3010,27,H1-6
951,27,CD37
8788,4,DLK1
1050,4,CEBPA
2831,4,NPBWR1
2842,28,GPR19
1675,28,CFD
2673,50,GFPT1
84818,4,IL17RC
4017,29,LOXL2
2853,29,GPR31
1587,4,ADAM3A
56603,12,CYP26B1
340665,12,CYP26C1
3568,14,IL5RA
3556,30,IL1RAP
90865,30,IL33
9173,30,IL1RL1
8808,30,IL1RL2
50507,4,NOX4
3004,4,GZMM
3005,4,H1-0
993,4,CDC25A
2497,4,FTH1P2
2843,14,GPR20
1824,1,DSC2
1821,1,DRP2
56963,14,RGMA
2313,4,FLI1
923,4,CD6
4142,4,MAS1
2000,1,ELF4
2873,1,GPS1
2965,31,GTF2H1
2964,31,GTF2F2P1
1534,4,CYB561
2520,4,GAST
51554,4,ACKR4
64,4,ACTBP4
2239,1,GPC4
10420,1,TESK2
1768,32,DNAH6
1763,32,DNA2
10226,4,PLIN3
10886,4,NPFFR2
266,4,AMELY
8741,4,TNFSF13
350,4,APOH
8930,22,MBD4
2940,22,GSTA3
3187,4,HNRNPH1
7458,4,EIF4H
3795,4,KHK
3817,14,KLK2
3816,14,KLK1
3221,4,HOXC4
3814,4,KISS1
2733,4,GLE1
170482,14,CLEC4C
3081,4,HGD
4690,4,NCK1
2999,4,GZMH
3097,29,HIVEP2
5834,4,PYGB
1578,4,CYP3A51P
2840,4,GPR17
2117,4,ETV3
3182,33,HNRNPAB
30816,33,ERVW-1
8789,34,FBP2
2203,34,FBP1
1566,16,CYP2D7BP
11128,37,POLR3A
25885,37,POLR1A
5430,37,POLR2A
2591,38,GALNT3
9388,38,LIPG
1762,32,DMWD
937,4,CD24P3
57121,4,LPAR5
5229,4,PGGT1B
5225,4,PGC
1430,13,CRYZP1
1420,13,CRYGC
1419,13,CRYGB
1418,13,CRYGA
1416,13,CRYBB2P1
29943,4,PADI1
2894,4,GRID1
2877,4,GPX2
51702,4,PADI3
159,4,ADSS2
104,39,ADARB1
103,39,ADAR
340156,1,MYLK4
3216,42,HOXB6
3215,42,HOXB5
124274,4,GPR139
55366,43,LGR4
84870,43,RSPO3
55304,46,SPTLC3
2510,46,FTH1P21
7307,4,U2AF1
8233,4,ZRSR2
6427,4,SRSF2
3209,47,HOXA13
3208,47,HPCA
6894,49,TARBP1
7210,49,TRX-CAT1-2
1917,4,EEF1A2
386653,14,IL31
1272,14,CNTN1
101,51,ADAM8
145,51,PARP1P2
22916,52,NCBP2
4686,52,NCBP1
1447,53,CSN2
1448,53,CSN3
